"year","size","category","value_yen_per_household_month"
"2017","1","総合","161623"
"2017","2","総合","255320"
"2017","3","総合","286714"
"2017","4","総合","313151"
"2017","5+","総合","337737.76232201536"
"2017","1","食料","39649"
"2017","2","食料","64730"
"2017","3","食料","74716"
"2017","4","食料","79364"
"2017","5+","食料","92021.43702081051"
"2017","1","住居","20680"
"2017","2","住居","17608"
"2017","3","住居","17398"
"2017","4","住居","14093"
"2017","5+","住居","14563.660460021905"
"2017","1","光熱・水道","11380"
"2017","2","光熱・水道","19117"
"2017","3","光熱・水道","22380"
"2017","4","光熱・水道","23187"
"2017","5+","光熱・水道","27004.362541073384"
"2017","1","家具・家事用品","5044"
"2017","2","家具・家事用品","10237"
"2017","3","家具・家事用品","10560"
"2017","4","家具・家事用品","10767"
"2017","5+","家具・家事用品","11666.458926615553"
"2017","1","被服及び履物","5661"
"2017","2","被服及び履物","8548"
"2017","3","被服及び履物","10858"
"2017","4","被服及び履物","13923"
"2017","5+","被服及び履物","14485.26286966046"
"2017","1","保健医療","7044"
"2017","2","保健医療","13914"
"2017","3","保健医療","13050"
"2017","4","保健医療","10889"
"2017","5+","保健医療","11879.070098576123"
"2017","1","交通・通信","18825"
"2017","2","交通・通信","33185"
"2017","3","交通・通信","41003"
"2017","4","交通・通信","47522"
"2017","5+","交通・通信","49623.58050383352"
"2017","1","教育","7"
"2017","2","教育","392"
"2017","3","教育","8812"
"2017","4","教育","27733"
"2017","5+","教育","31103.202628696603"
"2017","1","教養娯楽","18433"
"2017","2","教養娯楽","25808"
"2017","3","教養娯楽","27047"
"2017","4","教養娯楽","31180"
"2017","5+","教養娯楽","33684.52354874041"
"2017","1","その他の消費支出","34900"
"2017","2","その他の消費支出","61782"
"2017","3","その他の消費支出","60891"
"2017","4","その他の消費支出","54494"
"2017","5+","その他の消費支出","51706.659364731655"
"2018","1","総合","162833"
"2018","2","総合","255165"
"2018","3","総合","292340"
"2018","4","総合","325690"
"2018","5+","総合","342758.62983425416"
"2018","1","食料","40026"
"2018","2","食料","65452"
"2018","3","食料","75063"
"2018","4","食料","82406"
"2018","5+","食料","93249.24861878454"
"2018","1","住居","22645"
"2018","2","住居","17893"
"2018","3","住居","18598"
"2018","4","住居","13537"
"2018","5+","住居","15076.629834254143"
"2018","1","光熱・水道","11847"
"2018","2","光熱・水道","19607"
"2018","3","光熱・水道","22833"
"2018","4","光熱・水道","23764"
"2018","5+","光熱・水道","27504.8453038674"
"2018","1","家具・家事用品","4692"
"2018","2","家具・家事用品","9928"
"2018","3","家具・家事用品","11348"
"2018","4","家具・家事用品","11501"
"2018","5+","家具・家事用品","12319.121546961325"
"2018","1","被服及び履物","5312"
"2018","2","被服及び履物","8290"
"2018","3","被服及び履物","11063"
"2018","4","被服及び履物","14044"
"2018","5+","被服及び履物","14831.900552486188"
"2018","1","保健医療","7175"
"2018","2","保健医療","13968"
"2018","3","保健医療","13147"
"2018","4","保健医療","12188"
"2018","5+","保健医療","12240.569060773481"
"2018","1","交通・通信","21537"
"2018","2","交通・通信","34779"
"2018","3","交通・通信","44061"
"2018","4","交通・通信","51260"
"2018","5+","交通・通信","51516.19889502762"
"2018","1","教育","0"
"2018","2","教育","304"
"2018","3","教育","9978"
"2018","4","教育","30566"
"2018","5+","教育","30219.09944751381"
"2018","1","教養娯楽","18865"
"2018","2","教養娯楽","24810"
"2018","3","教養娯楽","26374"
"2018","4","教養娯楽","32351"
"2018","5+","教養娯楽","33785.92817679558"
"2018","1","その他の消費支出","30734"
"2018","2","その他の消費支出","60133"
"2018","3","その他の消費支出","59874"
"2018","4","その他の消費支出","54073"
"2018","5+","その他の消費支出","52014.34254143646"
