"year","size","share","sourceUrl","vintage"
"2017","1","0.3247783247783248","https://www.stat.go.jp/data/kakei/2017nn/zuhyou/setai-n.xls","Published as 2017 January adjustment special tabulation; sample design uses latest-12-month LFS household-size distribution, not confirmed as calendar-year average"
"2017","2","0.2962282962282962","https://www.stat.go.jp/data/kakei/2017nn/zuhyou/setai-n.xls","Published as 2017 January adjustment special tabulation; sample design uses latest-12-month LFS household-size distribution, not confirmed as calendar-year average"
"2017","3","0.17709117709117708","https://www.stat.go.jp/data/kakei/2017nn/zuhyou/setai-n.xls","Published as 2017 January adjustment special tabulation; sample design uses latest-12-month LFS household-size distribution, not confirmed as calendar-year average"
"2017","4","0.14010214010214012","https://www.stat.go.jp/data/kakei/2017nn/zuhyou/setai-n.xls","Published as 2017 January adjustment special tabulation; sample design uses latest-12-month LFS household-size distribution, not confirmed as calendar-year average"
"2017","5+","0.0618000618000618","https://www.stat.go.jp/data/kakei/2017nn/zuhyou/setai-n.xls","Published as 2017 January adjustment special tabulation; sample design uses latest-12-month LFS household-size distribution, not confirmed as calendar-year average"
"2018","1","0.327135","https://www.stat.go.jp/data/kakei/2018nn/zuhyou/setai-n.xls","Published as 2018 January adjustment special tabulation; sample design uses latest-12-month LFS household-size distribution, not confirmed as calendar-year average"
"2018","2","0.296521","https://www.stat.go.jp/data/kakei/2018nn/zuhyou/setai-n.xls","Published as 2018 January adjustment special tabulation; sample design uses latest-12-month LFS household-size distribution, not confirmed as calendar-year average"
"2018","3","0.17643","https://www.stat.go.jp/data/kakei/2018nn/zuhyou/setai-n.xls","Published as 2018 January adjustment special tabulation; sample design uses latest-12-month LFS household-size distribution, not confirmed as calendar-year average"
"2018","4","0.138758","https://www.stat.go.jp/data/kakei/2018nn/zuhyou/setai-n.xls","Published as 2018 January adjustment special tabulation; sample design uses latest-12-month LFS household-size distribution, not confirmed as calendar-year average"
"2018","5+","0.061156","https://www.stat.go.jp/data/kakei/2018nn/zuhyou/setai-n.xls","Published as 2018 January adjustment special tabulation; sample design uses latest-12-month LFS household-size distribution, not confirmed as calendar-year average"
