"year","weight_2011_method","total_target","endpoint_total_min_2011","endpoint_total_max_2011","common_scale_g","anchor_identity_only","additivity_error","食料","住居","光熱・水道","家具・家事用品","被服及び履物","保健医療","交通・通信","教育","教養娯楽","その他の消費支出","食料_endpoint_min_2011","食料_endpoint_max_2011","住居_endpoint_min_2011","住居_endpoint_max_2011","光熱・水道_endpoint_min_2011","光熱・水道_endpoint_max_2011","家具・家事用品_endpoint_min_2011","家具・家事用品_endpoint_max_2011","被服及び履物_endpoint_min_2011","被服及び履物_endpoint_max_2011","保健医療_endpoint_min_2011","保健医療_endpoint_max_2011","交通・通信_endpoint_min_2011","交通・通信_endpoint_max_2011","教育_endpoint_min_2011","教育_endpoint_max_2011","教養娯楽_endpoint_min_2011","教養娯楽_endpoint_max_2011","その他の消費支出_endpoint_min_2011","その他の消費支出_endpoint_max_2011"
"2005","","99.17587995231303","","","1.000701237383387","false","-4.263256414560601e-14","23.33254503739154","8.239675844139668","6.210794674286567","3.285194957964198","4.650294267073459","3.892213979439851","15.567860962948346","2.819924342727384","11.207273022204726","19.970102864137303","","","","","","","","","","","","","","","","","","","",""
"2006","","97.12441232262711","","","1.0008173714577915","false","2.842170943040401e-14","22.776199353589405","8.15932792136393","6.448809165710439","3.1799541319771003","4.541599084138249","3.7863758914316907","15.509145063993513","2.7558946288993114","10.993896779423414","18.97321030210005","","","","","","","","","","","","","","","","","","","",""
"2007","","97.76940986028667","","","1.0008080101785561","false","1.4210854715202004e-14","23.145648692262707","7.85767757321132","6.301767964259403","3.1938647237975233","4.555462068309652","3.892225914444478","15.381330058989187","2.818345257345393","11.396059915792698","19.227027691874294","","","","","","","","","","","","","","","","","","","",""
"2008","","98.03861045866886","","","1.0009112942827167","false","0","23.47186342556154","7.933835580519292","6.722867332544618","3.3069598372622386","4.481402229743845","3.9129037385483976","15.282417956607034","3.0001797362826386","11.24770292029973","18.678477701299524","","","","","","","","","","","","","","","","","","","",""
"2009","","95.44500231535407","","","1.0007409758756798","false","-1.4210854715202004e-14","23.028587298252216","7.832407421058165","6.3650786974547415","3.3112106543436908","4.198908355525453","3.916773167152301","14.829753788698211","2.8494240058430673","11.443620500106968","17.66923842691927","","","","","","","","","","","","","","","","","","","",""
"2010","","95.29301632272322","","","1.0006883722130664","false","2.842170943040401e-14","22.75422789524248","7.544172124200983","6.4605022949002615","3.4044786443256854","4.00904711042158","3.917913511986771","15.116176237871317","2.682516693221676","11.72941454409979","17.674567266452666","","","","","","","","","","","","","","","","","","","",""
"2011","linear_share_interpolation","93.038567784591","92.9531514478209","93.12414124698441","1.0008265699444454","false","1.4210854715202004e-14","22.544997676795216","7.821069430649096","6.4895652123658225","3.3243691730400506","3.923580416249103","3.9292325470236174","14.033224618806898","2.818817718629558","10.520395963237217","17.633315027794417","22.52366799233569","22.566348895254926","7.817653572186663","7.824477302033914","6.480911334247492","6.498233347405927","3.3208632346884417","3.3278793419499855","3.92070365666563","3.9264587497502554","3.925942619936646","3.932525070008938","14.020452078496058","14.04600916137661","2.8034629110969913","2.834268559520846","10.514575048271164","10.526216919401909","17.618095270048855","17.648547630128345"
"2012","","93.43903186709692","","","1.0009201942173627","false","1.4210854715202004e-14","22.600144753588097","7.2553016441736995","6.750993250774893","3.317929724467328","3.918377543383436","3.923244585167677","15.796391415829627","2.702687041799872","10.036618475613198","17.137343432299073","","","","","","","","","","","","","","","","","","","",""
"2013","","95.57730533026361","","","1.0007757180995984","false","0","23.11078893077311","7.711260926408495","6.899969789605851","3.525056864407222","4.032015648895384","3.9434537985863436","16.07405806110255","2.8859144737338935","10.260545854092964","17.1342409826578","","","","","","","","","","","","","","","","","","","",""
"2014","","95.87067065111354","","","1.0005573574604882","false","0","23.632988226010134","7.7831432638886975","7.053825280655251","3.5490972609026388","4.147398933242791","4.059078242272436","15.787892673524599","2.803966344126837","10.391885170153403","16.661395256336764","","","","","","","","","","","","","","","","","","","",""
"2015","","93.84464197647205","","","1.0003786101290644","false","0","24.345945821468582","7.098703405505596","6.922522753226351","3.3842112544213006","3.9722739105688616","4.079979693193237","15.206932670058254","2.7076021993640103","9.757255266488247","16.369215002177615","","","","","","","","","","","","","","","","","","","",""
"2016","","91.67627660298128","","","1.000180664727462","false","-1.4210854715202004e-14","24.42849475447633","6.51922743274361","6.384327837323838","3.397063273941014","3.691165743059342","4.092149727351323","14.48882607029372","2.861643728524781","9.680140200832188","16.133237834435143","","","","","","","","","","","","","","","","","","","",""
"2017","","91.5","","","1","true","0","24","6.7","6.5","3.5","3.6","4.1","15","3.2","9.5","15.399999999999991","","","","","","","","","","","","","","","","","","","",""
