"year","category","R_2025_reference_normalized_to_2017"
"2005","総合","0.9689930550298271"
"2006","総合","0.9652480388714765"
"2007","総合","0.9688846697847295"
"2008","総合","0.9743335811862451"
"2009","総合","0.9755528800498982"
"2010","総合","0.9759148524864756"
"2011","総合","0.9788127736238365"
"2012","総合","0.9771040157278663"
"2013","総合","0.9826913725906519"
"2014","総合","0.9886354934860272"
"2015","総合","0.9943236529590788"
"2016","総合","0.9977387396022538"
"2017","総合","1"
"2005","食料","0.9641203263482453"
"2006","食料","0.9628560648832215"
"2007","食料","0.9654887682809024"
"2008","食料","0.9741162601749711"
"2009","食料","0.9754902322862065"
"2010","食料","0.9758196581247208"
"2011","食料","0.9784028521965293"
"2012","食料","0.9793479744201105"
"2013","食料","0.9835730121655905"
"2014","食料","0.9896116352207267"
"2015","食料","0.995896007986433"
"2016","食料","0.9988293406462925"
"2017","食料","1"
"2005","住居","1.0207308811849913"
"2006","住居","1.0220627509267606"
"2007","住居","1.0143712639030067"
"2008","住居","1.0211123442171137"
"2009","住居","1.0109609610672219"
"2010","住居","1.0028906145697465"
"2011","住居","1.0025955467257495"
"2012","住居","1.000542265875691"
"2013","住居","1.0039415981252247"
"2014","住居","1.000361063946969"
"2015","住居","0.9970573861748756"
"2016","住居","1.0000236137925438"
"2017","住居","1"
"2005","光熱・水道","0.9457249028818883"
"2006","光熱・水道","0.9488088575923928"
"2007","光熱・水道","0.9528486895645473"
"2008","光熱・水道","0.9622929924471251"
"2009","光熱・水道","0.9677367863756653"
"2010","光熱・水道","0.9672716350495473"
"2011","光熱・水道","0.9698708933817523"
"2012","光熱・水道","0.9722543264970822"
"2013","光熱・水道","0.9792861304661854"
"2014","光熱・水道","0.9856249112668032"
"2015","光熱・水道","0.9916590646245215"
"2016","光熱・水道","0.9975792135001644"
"2017","光熱・水道","1"
"2005","家具・家事用品","0.9616366349104832"
"2006","家具・家事用品","0.9572618877413217"
"2007","家具・家事用品","0.9689154097301352"
"2008","家具・家事用品","0.9622356383255382"
"2009","家具・家事用品","0.9768137207776487"
"2010","家具・家事用品","0.9707890088904169"
"2011","家具・家事用品","0.9760541965290165"
"2012","家具・家事用品","0.9783820614166016"
"2013","家具・家事用品","0.9837195551048239"
"2014","家具・家事用品","0.9839371581022565"
"2015","家具・家事用品","0.9866135912902522"
"2016","家具・家事用品","0.9990866204423181"
"2017","家具・家事用品","1"
"2005","被服及び履物","0.9687732640571116"
"2006","被服及び履物","0.9784855175627438"
"2007","被服及び履物","0.9755932099729424"
"2008","被服及び履物","0.9844917803646065"
"2009","被服及び履物","0.9848439743881213"
"2010","被服及び履物","0.9777503073183531"
"2011","被服及び履物","0.9785289129220037"
"2012","被服及び履物","0.9737753833673582"
"2013","被服及び履物","0.9783625159734703"
"2014","被服及び履物","0.9912194515200363"
"2015","被服及び履物","1.0000660761630351"
"2016","被服及び履物","0.9968989255426112"
"2017","被服及び履物","1"
"2005","保健医療","0.967793779838327"
"2006","保健医療","0.964286727788847"
"2007","保健医療","0.9682632807746849"
"2008","保健医療","0.9760142958153196"
"2009","保健医療","0.9750406571238798"
"2010","保健医療","0.9820908337084102"
"2011","保健医療","0.9848176646960336"
"2012","保健医療","0.984852309729109"
"2013","保健医療","0.9881479303525181"
"2014","保健医療","0.9930621333021051"
"2015","保健医療","1.0003270307796706"
"2016","保健医療","0.9957744704132965"
"2017","保健医療","1"
"2005","交通・通信","0.9748566036335218"
"2006","交通・通信","0.9653508966955536"
"2007","交通・通信","0.9715205147658204"
"2008","交通・通信","0.9717061839070099"
"2009","交通・通信","0.9759044594346661"
"2010","交通・通信","0.975605780193063"
"2011","交通・通信","0.9767640226508223"
"2012","交通・通信","0.9719637043072374"
"2013","交通・通信","0.9788382962333851"
"2014","交通・通信","0.9847211499824201"
"2015","交通・通信","0.9931038173756973"
"2016","交通・通信","0.9963659123898464"
"2017","交通・通信","1"
"2005","教育","0.8034946788699624"
"2006","教育","0.817868587855258"
"2007","教育","0.8278218954716801"
"2008","教育","0.845271335470124"
"2009","教育","0.8600634999294159"
"2010","教育","0.8752916704002133"
"2011","教育","0.8748199675264068"
"2012","教育","0.8888358082684998"
"2013","教育","0.9127459862738915"
"2014","教育","0.937671962993264"
"2015","教育","0.9708013307316148"
"2016","教育","0.9915697746083162"
"2017","教育","1"
"2005","教養娯楽","0.98520013659718"
"2006","教養娯楽","0.9780494296091385"
"2007","教養娯楽","0.9827061930847669"
"2008","教養娯楽","0.9828864367241491"
"2009","教養娯楽","0.9851825901666852"
"2010","教養娯楽","0.9828958992265372"
"2011","教養娯楽","0.9876661185052119"
"2012","教養娯楽","0.9821793439790512"
"2013","教養娯楽","0.9873877585098916"
"2014","教養娯楽","0.9937050943284634"
"2015","教養娯楽","0.9940998486553823"
"2016","教養娯楽","1.001724152865668"
"2017","教養娯楽","1"
"2005","その他の消費支出","0.9718546536339164"
"2006","その他の消費支出","0.9647736580688219"
"2007","その他の消費支出","0.9707024828936685"
"2008","その他の消費支出","0.9765338144657357"
"2009","その他の消費支出","0.976166028198392"
"2010","その他の消費支出","0.9772792411708762"
"2011","その他の消費支出","0.9811176098981048"
"2012","その他の消費支出","0.9786891547923462"
"2013","その他の消費支出","0.9828859446655106"
"2014","その他の消費支出","0.9885520228565073"
"2015","その他の消費支出","0.9942546995581643"
"2016","その他の消費支出","0.9960914298733422"
"2017","その他の消費支出","1"
