"category","Q2017","lambda2017_one_observation","Q2018","lambda2018_one_observation","historical_lambda_fit","published_or_derived_AoverB_2017_anchor","predicted_AoverB_2018","published_or_derived_AoverB_2018_holdout","prediction_error_percent","two_year_anchored_lambda_in_sample","geometric_anchor_reference_AoverB_2018"
"食料","0.9547190185507134","1.0935434566915054","0.9556191151723414","1.0782738142197443","1.0449504050669245","0.9611656717375955","0.9614038958431033","0.9631565278193986","-0.00181967512618475","7.555368670417638","0.9622826489515166"
"住居","1.0203151634145342","-0.4746163411660853","1.0244509105033561","-0.5737883240940195","-0.45987500219882343","0.9423670765257426","0.9422122577780652","0.9440386651823292","-0.001934674364117539","6.471245101589103","0.9431277990453648"
"光熱・水道","0.9534165693943678","1.1257599648558096","0.9560435594446336","1.0677262488379904","1.4672219526640198","0.9606163373636095","0.9609655501427359","0.9614500672130436","-0.0005039440807489415","3.167746500196527","0.9612106111253801"
"家具・家事用品","0.9539967286489055","1.1114041025585315","0.9482386015314584","1.2624345648614557","1.1632224462130492","0.9558627807806176","0.95613065968934","0.958824640457624","-0.0028096699381841006","11.296928274360287","0.9574795245721013"
"被服及び履物","0.9457711544663646","1.3157637986748536","0.9431771873572691","1.3895589033004987","0.812967694940368","0.9670797413793103","0.9672579775446988","0.9678127486760146","-0.0005732215576564892","2.7665906794548203","0.9675381749737164"
"保健医療","0.9692600239633699","0.7368220101539908","0.9680357490442844","0.7716361104602018","0.9263914962761131","0.9526725407249866","0.9528777201945967","0.9533871261852661","-0.00053431179914043","2.7378593516751097","0.9531351983338403"
"交通・通信","0.9445903496722406","1.3452460165843072","0.9500042112194719","1.218248444982029","1.00579624547882","0.9615898442244141","0.9618178598760522","0.9669445782228254","-0.005301977447555228","20.277063098480667","0.9643806546134777"
"教育","0.8024242067283465","5.194600677746936","0.811738744119983","4.954258577774589","5.961246918762978","1.0003477271290382","1.0019437734676389","0.9866219725795736","0.015529555710183107","-50.44815897507827","0.9942562895276463"
"教養娯楽","0.9671445139954771","0.7883859400470414","0.9688000398725262","0.7528901079286285","0.6169785680889946","0.9581653479183214","0.9582905039223345","0.9621153672735289","-0.003975472673337865","15.022027255963344","0.960203861114629"
"その他の消費支出","0.9716425190067918","0.6788850977212175","0.966386515236581","0.8121378665835964","0.9545375593027542","0.9551013049343794","0.9553143712400185","0.948903287017965","0.00675630942559069","-23.77277060903275","0.9521062390772875"
"総合","0.9585108860556723","1","0.9587734246078089","1","1","0.9593997753405289","0.9596625573616853","0.960094364492713","-0.0004497548855584288","","0.9598784366458175"
