"category","lambda","fit_observations","loo_min","loo_max","fit_years","strict_break_excluded_lambda","strict_break_excluded_loo_min","strict_break_excluded_loo_max","strict_break_excluded_years","interpretation"
"食料","1.0449504050669245","11","1.0227455127615757","1.0587484094687702","2005;2006;2007;2008;2009;2010;2012;2013;2014;2015;2016","1.0229265519455093","0.9886626872938661","1.031407400328749","2006;2008;2009;2013;2014","household-survey size sensitivity; not a CTI A/B backtest"
"住居","-0.45987500219882343","11","-0.5017010079361883","-0.41731525636458217","2005;2006;2007;2008;2009;2010;2012;2013;2014;2015;2016","-0.5571830943634049","-0.5950713693479537","-0.4847482980976292","2006;2008;2009;2013;2014","household-survey size sensitivity; not a CTI A/B backtest"
"光熱・水道","1.4672219526640198","11","1.4084912530473523","1.4914091609505615","2005;2006;2007;2008;2009;2010;2012;2013;2014;2015;2016","1.4118913036886143","1.3583683086995049","1.4362174185025451","2006;2008;2009;2013;2014","household-survey size sensitivity; not a CTI A/B backtest"
"家具・家事用品","1.1632224462130492","11","1.123924434687928","1.1951731019255478","2005;2006;2007;2008;2009;2010;2012;2013;2014;2015;2016","1.209379108405246","1.1296471708188673","1.277200174274423","2006;2008;2009;2013;2014","household-survey size sensitivity; not a CTI A/B backtest"
"被服及び履物","0.812967694940368","11","0.77549733643122","0.8637034144368801","2005;2006;2007;2008;2009;2010;2012;2013;2014;2015;2016","0.6844556633885295","0.6195658947983225","0.7349210629420744","2006;2008;2009;2013;2014","household-survey size sensitivity; not a CTI A/B backtest"
"保健医療","0.9263914962761131","11","0.900319655890504","0.9520162444609996","2005;2006;2007;2008;2009;2010;2012;2013;2014;2015;2016","0.951494343999895","0.8958584035325348","0.9821623584268276","2006;2008;2009;2013;2014","household-survey size sensitivity; not a CTI A/B backtest"
"交通・通信","1.00579624547882","11","0.9845290803404803","1.043864057647978","2005;2006;2007;2008;2009;2010;2012;2013;2014;2015;2016","1.057629748296503","1.0385215423399419","1.1016312414653908","2006;2008;2009;2013;2014","household-survey size sensitivity; not a CTI A/B backtest"
"教育","5.961246918762978","11","5.7712704889100825","6.044954717768612","2005;2006;2007;2008;2009;2010;2012;2013;2014;2015;2016","5.896316675603382","5.729118795990408","6.050176176595879","2006;2008;2009;2013;2014","household-survey size sensitivity; not a CTI A/B backtest"
"教養娯楽","0.6169785680889946","11","0.6017087798124172","0.6446804348658541","2005;2006;2007;2008;2009;2010;2012;2013;2014;2015;2016","0.637648368301032","0.6274548802161984","0.6465958905960371","2006;2008;2009;2013;2014","household-survey size sensitivity; not a CTI A/B backtest"
"その他の消費支出","0.9545375593027542","11","0.9393317613491347","0.9638277104411853","2005;2006;2007;2008;2009;2010;2012;2013;2014;2015;2016","0.9800667097915627","0.955518922523646","0.999714758760301","2006;2008;2009;2013;2014","household-survey size sensitivity; not a CTI A/B backtest"
