period,総合,食料,住居,光熱・水道,家具・家事用品,被服及び履物,保健医療,交通・通信,教育,教養娯楽,その他の消費支出
2017Q1,91.1,22.4,6.3,7.8,3,3.6,4,15.6,3.1,9.1,-
2017Q2,90.8,23.3,6.6,6.3,3.3,3.7,4,15,3.9,9.5,-
2017Q3,89.7,24.3,6.7,5.6,3.9,3.1,3.9,15.1,2.7,9.8,-
2017Q4,94.4,25.9,7.3,6.3,3.8,4.1,4.3,14.6,3,9.8,-
2018Q1,91.7,22.9,6.2,8.5,3,3.5,4.1,15.6,2.9,9.2,-
2018Q2,90.6,23.2,7,6.2,3.4,3.6,4,14.6,4.1,9.5,-
2018Q3,90.8,24.3,6.8,5.8,3.9,3,4.1,15.7,2.8,9.8,-
2018Q4,96.9,26,7.8,6.2,3.9,4,4.5,15.9,3.2,10,-
2019Q1,93.8,22.8,6.5,8.4,3.3,3.6,4.2,16.2,3.1,9.5,-
2019Q2,93.6,23.8,7.2,6.6,3.6,3.6,4.2,15.4,4.2,10,-
2019Q3,94.4,24.9,7,5.5,4.7,3.1,4.6,16.3,2.8,10.3,-
2019Q4,92.8,25.7,6.9,6,3.6,3.7,4.5,14.8,2.8,9.8,-
2020Q1,90.6,23.1,6.9,8,3.2,3.2,4.3,15.4,2.7,8.6,15.2
2020Q2,84.1,22.7,6.8,6.6,4.1,2.4,4.1,13.2,3.9,7.2,13
2020Q3,86.6,24.1,7,5.6,4.6,2.5,4.4,14.1,2.7,8.2,13.3
2020Q4,94.2,25.7,8,6,4.2,3.5,4.7,15.2,3.2,9.1,14.5
2021Q1,88.6,22.4,7.4,7.9,3.6,2.7,4.2,15.1,3,7.9,14.5
2021Q2,89.3,23,7.8,6.2,4,2.9,4.4,14.7,4.2,8.3,13.7
2021Q3,86.5,23.8,7.5,5.6,4.2,2.3,4.5,14.2,2.7,8.1,13.7
2021Q4,94,25.8,7.9,6.2,4,3.4,4.7,14.8,3.4,9.2,14.6
2022Q1,89.5,22.6,6.9,9,3.5,2.7,4.2,15.1,2.9,8.2,14.4
2022Q2,91.5,23.9,7.6,7.2,4,3.1,4.4,14.2,4.1,9.2,13.7
2022Q3,90.8,25,7.7,6.3,4.2,2.5,4.5,14.8,2.8,9.2,13.7
2022Q4,97.9,27,8.3,7.1,4.2,3.7,4.8,15.1,3.2,9.8,14.6
2023Q1,95.3,24.4,7.3,10.1,3.5,3,4.5,15.6,2.8,9.5,14.5
2023Q2,93.6,25.3,7.4,6.9,3.8,3.2,4.5,15.5,4.2,9.7,13.2
2023Q3,93,26.8,7.4,5.7,4.3,2.6,4.6,15.8,2.6,9.9,13.5
2023Q4,99,28.4,7.8,6.3,4.3,3.6,4.9,15.9,3.3,10.3,14.3
2024Q1,95.8,25.9,7.1,8.3,3.7,3.2,4.7,15.6,3.1,9.7,14.6
2024Q2,96.2,26,7.8,6.8,4.1,3.3,4.6,15.6,4.5,9.8,13.7
2024Q3,96,27.6,7.9,6.4,4.5,2.6,4.7,15.5,2.8,10.4,13.6
2024Q4,102,29.6,8.1,6.8,4.2,3.5,5.1,15.9,3.4,10.7,14.7
2025Q1,99.2,27.1,7.4,9.5,3.6,3,4.7,15.7,3.1,10,15.2
2025Q2,99,27.6,7.7,7.3,4.2,3.3,4.8,15.5,4.1,10.5,13.8
2025Q3,98.7,29.1,7.6,6.5,4.5,2.7,5,15.9,2.5,10.9,14
2025Q4,103,30.9,7.9,6.8,4.2,3.7,5.3,15.4,3.2,11.4,14.3
2026Q1,99.2,27.8,7.7,8.9,3.9,3.1,5,15.3,2.8,10.8,14.1
2026Q2,100,28.4,8.1,6.8,4.7,3.2,4.9,15.7,3.8,10.7,13.6
