"year","validation","category","category_label","anchor_q_2017","pB_share","pA_actual_share","pHatRaw_share","pHatRaw_pp","raw_error_pp","pHatNorm_share","pHatNorm_pp","normalized_error_pp","raw_predicted_share_sum_year","raw_predicted_share_sum_year_pp","other_source_status_B","other_source_status_A","source_cells_B_json","source_cells_A_json"
"2018","true","food","Food","1.0018406262357524","0.2597566367548246","0.26058511495066744","0.2602347516353463","26.02347516353463","-0.035036331532112275","0.2602292747756286","26.022927477562863","-0.03558401750388129","1.0000210462859047","100.00210462859047","residual_from_total_minus_nine_published","residual_from_total_minus_nine_published","{""total"":""J26"",""food"":""K26"",""housing"":""L26"",""utilities"":""M26"",""furniture_household_goods"":""N26"",""clothing_footwear"":""O26"",""health"":""P26"",""transport_communications"":""Q26"",""education"":""R26"",""culture_recreation"":""S26"",""otherRaw"":""T26""}","{""total"":""J11"",""food"":""K11"",""housing"":""L11"",""utilities"":""M11"",""furniture_household_goods"":""N11"",""clothing_footwear"":""O11"",""health"":""P11"",""transport_communications"":""Q11"",""education"":""R11"",""culture_recreation"":""S11"",""otherRaw"":""T11""}"
"2018","true","housing","Housing","0.9822465053124065","0.07644852402392117","0.0751700720718578","0.07509129555878813","7.509129555878813","-0.00787765130696727","0.07508971519917354","7.508971519917354","-0.008035687268426184","1.0000210462859047","100.00210462859047","residual_from_total_minus_nine_published","residual_from_total_minus_nine_published","{""total"":""J26"",""food"":""K26"",""housing"":""L26"",""utilities"":""M26"",""furniture_household_goods"":""N26"",""clothing_footwear"":""O26"",""health"":""P26"",""transport_communications"":""Q26"",""education"":""R26"",""culture_recreation"":""S26"",""otherRaw"":""T26""}","{""total"":""J11"",""food"":""K11"",""housing"":""L11"",""utilities"":""M11"",""furniture_household_goods"":""N11"",""clothing_footwear"":""O11"",""health"":""P11"",""transport_communications"":""Q11"",""education"":""R11"",""culture_recreation"":""S11"",""otherRaw"":""T11""}"
"2018","true","utilities","Utilities","1.0012680449322064","0.0718039892143004","0.07190538014743003","0.0718950398989358","7.18950398989358","-0.0010340248494236648","0.07189352680721592","7.1893526807215915","-0.0011853340214112995","1.0000210462859047","100.00210462859047","residual_from_total_minus_nine_published","residual_from_total_minus_nine_published","{""total"":""J26"",""food"":""K26"",""housing"":""L26"",""utilities"":""M26"",""furniture_household_goods"":""N26"",""clothing_footwear"":""O26"",""health"":""P26"",""transport_communications"":""Q26"",""education"":""R26"",""culture_recreation"":""S26"",""otherRaw"":""T26""}","{""total"":""J11"",""food"":""K11"",""housing"":""L11"",""utilities"":""M11"",""furniture_household_goods"":""N11"",""clothing_footwear"":""O11"",""health"":""P11"",""transport_communications"":""Q11"",""education"":""R11"",""culture_recreation"":""S11"",""otherRaw"":""T11""}"
"2018","true","furniture_household_goods","Furniture and household goods","0.9963133256325227","0.03846505130264931","0.03841418130282828","0.03832324318396813","3.832324318396813","-0.009093811886014963","0.03832243663901006","3.8322436639010062","-0.009174466381822038","1.0000210462859047","100.00210462859047","residual_from_total_minus_nine_published","residual_from_total_minus_nine_published","{""total"":""J26"",""food"":""K26"",""housing"":""L26"",""utilities"":""M26"",""furniture_household_goods"":""N26"",""clothing_footwear"":""O26"",""health"":""P26"",""transport_communications"":""Q26"",""education"":""R26"",""culture_recreation"":""S26"",""otherRaw"":""T26""}","{""total"":""J11"",""food"":""K11"",""housing"":""L11"",""utilities"":""M11"",""furniture_household_goods"":""N11"",""clothing_footwear"":""O11"",""health"":""P11"",""transport_communications"":""Q11"",""education"":""R11"",""culture_recreation"":""S11"",""otherRaw"":""T11""}"
"2018","true","clothing_footwear","Clothing and footwear","1.0080049696030577","0.03782363845072849","0.03812770999157882","0.03812641552680362","3.8126415526803616","-0.0001294464775203341","0.038125613124249516","3.8125613124249518","-0.00020968673293056406","1.0000210462859047","100.00210462859047","residual_from_total_minus_nine_published","residual_from_total_minus_nine_published","{""total"":""J26"",""food"":""K26"",""housing"":""L26"",""utilities"":""M26"",""furniture_household_goods"":""N26"",""clothing_footwear"":""O26"",""health"":""P26"",""transport_communications"":""Q26"",""education"":""R26"",""culture_recreation"":""S26"",""otherRaw"":""T26""}","{""total"":""J11"",""food"":""K11"",""housing"":""L11"",""utilities"":""M11"",""furniture_household_goods"":""N11"",""clothing_footwear"":""O11"",""health"":""P11"",""transport_communications"":""Q11"",""education"":""R11"",""culture_recreation"":""S11"",""otherRaw"":""T11""}"
"2018","true","health","Health","0.992988079851119","0.04553408517713581","0.04521598315332485","0.045214803807821384","4.521480380782139","-0.00011793455034631029","0.04521385222416062","4.521385222416062","-0.00021309291642276906","1.0000210462859047","100.00210462859047","residual_from_total_minus_nine_published","residual_from_total_minus_nine_published","{""total"":""J26"",""food"":""K26"",""housing"":""L26"",""utilities"":""M26"",""furniture_household_goods"":""N26"",""clothing_footwear"":""O26"",""health"":""P26"",""transport_communications"":""Q26"",""education"":""R26"",""culture_recreation"":""S26"",""otherRaw"":""T26""}","{""total"":""J11"",""food"":""K11"",""housing"":""L11"",""utilities"":""M11"",""furniture_household_goods"":""N11"",""clothing_footwear"":""O11"",""health"":""P11"",""transport_communications"":""Q11"",""education"":""R11"",""culture_recreation"":""S11"",""otherRaw"":""T11""}"
"2018","true","transport_communications","Transport and communications","1.0022827490063857","0.1659401472551059","0.16712411991148576","0.16631894696137198","16.6318946961372","-0.08051729501137861","0.16631544663893164","16.631544663893163","-0.08086732725541279","1.0000210462859047","100.00210462859047","residual_from_total_minus_nine_published","residual_from_total_minus_nine_published","{""total"":""J26"",""food"":""K26"",""housing"":""L26"",""utilities"":""M26"",""furniture_household_goods"":""N26"",""clothing_footwear"":""O26"",""health"":""P26"",""transport_communications"":""Q26"",""education"":""R26"",""culture_recreation"":""S26"",""otherRaw"":""T26""}","{""total"":""J11"",""food"":""K11"",""housing"":""L11"",""utilities"":""M11"",""furniture_household_goods"":""N11"",""clothing_footwear"":""O11"",""health"":""P11"",""transport_communications"":""Q11"",""education"":""R11"",""culture_recreation"":""S11"",""otherRaw"":""T11""}"
"2018","true","education","Education","1.0426808019357472","0.03436851970632009","0.035318129093702064","0.03583539568873036","3.5835395688730363","0.05172665950282998","0.03583464150262001","3.583464150262001","0.051651240891794487","1.0000210462859047","100.00210462859047","residual_from_total_minus_nine_published","residual_from_total_minus_nine_published","{""total"":""J26"",""food"":""K26"",""housing"":""L26"",""utilities"":""M26"",""furniture_household_goods"":""N26"",""clothing_footwear"":""O26"",""health"":""P26"",""transport_communications"":""Q26"",""education"":""R26"",""culture_recreation"":""S26"",""otherRaw"":""T26""}","{""total"":""J11"",""food"":""K11"",""housing"":""L11"",""utilities"":""M11"",""furniture_household_goods"":""N11"",""clothing_footwear"":""O11"",""health"":""P11"",""transport_communications"":""Q11"",""education"":""R11"",""culture_recreation"":""S11"",""otherRaw"":""T11""}"
"2018","true","culture_recreation","Culture and recreation","0.9987133336342826","0.10358402404571675","0.10380206886337912","0.10345074596595145","10.345074596595145","-0.03513228974276611","0.10344856875779694","10.344856875779694","-0.03535001055821746","1.0000210462859047","100.00210462859047","residual_from_total_minus_nine_published","residual_from_total_minus_nine_published","{""total"":""J26"",""food"":""K26"",""housing"":""L26"",""utilities"":""M26"",""furniture_household_goods"":""N26"",""clothing_footwear"":""O26"",""health"":""P26"",""transport_communications"":""Q26"",""education"":""R26"",""culture_recreation"":""S26"",""otherRaw"":""T26""}","{""total"":""J11"",""food"":""K11"",""housing"":""L11"",""utilities"":""M11"",""furniture_household_goods"":""N11"",""clothing_footwear"":""O11"",""health"":""P11"",""transport_communications"":""Q11"",""education"":""R11"",""culture_recreation"":""S11"",""otherRaw"":""T11""}"
"2018","true","other","Other (official; residual when unpublished)","0.9955196253776235","0.1662753840692975","0.16433724051374587","0.16553040805818753","16.553040805818753","0.11931675444416534","0.16552692433121313","16.55269243312131","0.11896838174672575","1.0000210462859047","100.00210462859047","residual_from_total_minus_nine_published","residual_from_total_minus_nine_published","{""total"":""J26"",""food"":""K26"",""housing"":""L26"",""utilities"":""M26"",""furniture_household_goods"":""N26"",""clothing_footwear"":""O26"",""health"":""P26"",""transport_communications"":""Q26"",""education"":""R26"",""culture_recreation"":""S26"",""otherRaw"":""T26""}","{""total"":""J11"",""food"":""K11"",""housing"":""L11"",""utilities"":""M11"",""furniture_household_goods"":""N11"",""clothing_footwear"":""O11"",""health"":""P11"",""transport_communications"":""Q11"",""education"":""R11"",""culture_recreation"":""S11"",""otherRaw"":""T11""}"
"2019","true","food","Food","1.0018406262357524","0.25834853750959724","0.2594228189639705","0.2588240606057057","25.882406060570567","-0.059875835826483925","0.25882613148141065","25.882613148141065","-0.05966874825598656","0.9999919989697597","99.99919989697597","residual_from_total_minus_nine_published","residual_from_total_minus_nine_published","{""total"":""J27"",""food"":""K27"",""housing"":""L27"",""utilities"":""M27"",""furniture_household_goods"":""N27"",""clothing_footwear"":""O27"",""health"":""P27"",""transport_communications"":""Q27"",""education"":""R27"",""culture_recreation"":""S27"",""otherRaw"":""T27""}","{""total"":""J12"",""food"":""K12"",""housing"":""L12"",""utilities"":""M12"",""furniture_household_goods"":""N12"",""clothing_footwear"":""O12"",""health"":""P12"",""transport_communications"":""Q12"",""education"":""R12"",""culture_recreation"":""S12"",""otherRaw"":""T12""}"
"2019","true","housing","Housing","0.9822465053124065","0.07526583229449595","0.07376135266525978","0.0739296007406983","7.392960074069831","0.016824807543852627","0.07393019225840224","7.393019225840224","0.016883959314245578","0.9999919989697597","99.99919989697597","residual_from_total_minus_nine_published","residual_from_total_minus_nine_published","{""total"":""J27"",""food"":""K27"",""housing"":""L27"",""utilities"":""M27"",""furniture_household_goods"":""N27"",""clothing_footwear"":""O27"",""health"":""P27"",""transport_communications"":""Q27"",""education"":""R27"",""culture_recreation"":""S27"",""otherRaw"":""T27""}","{""total"":""J12"",""food"":""K12"",""housing"":""L12"",""utilities"":""M12"",""furniture_household_goods"":""N12"",""clothing_footwear"":""O12"",""health"":""P12"",""transport_communications"":""Q12"",""education"":""R12"",""culture_recreation"":""S12"",""otherRaw"":""T12""}"
"2019","true","utilities","Utilities","1.0012680449322064","0.07053327444294925","0.07089381680237178","0.07062271380415856","7.062271380415856","-0.02711029982132157","0.07062327886314843","7.062327886314843","-0.027053793922335312","0.9999919989697597","99.99919989697597","residual_from_total_minus_nine_published","residual_from_total_minus_nine_published","{""total"":""J27"",""food"":""K27"",""housing"":""L27"",""utilities"":""M27"",""furniture_household_goods"":""N27"",""clothing_footwear"":""O27"",""health"":""P27"",""transport_communications"":""Q27"",""education"":""R27"",""culture_recreation"":""S27"",""otherRaw"":""T27""}","{""total"":""J12"",""food"":""K12"",""housing"":""L12"",""utilities"":""M12"",""furniture_household_goods"":""N12"",""clothing_footwear"":""O12"",""health"":""P12"",""transport_communications"":""Q12"",""education"":""R12"",""culture_recreation"":""S12"",""otherRaw"":""T12""}"
"2019","true","furniture_household_goods","Furniture and household goods","0.9963133256325227","0.04010393877601565","0.040379390480421724","0.039956088612895235","3.9956088612895235","-0.04233018675264891","0.03995640830532638","3.995640830532638","-0.04229821750953433","0.9999919989697597","99.99919989697597","residual_from_total_minus_nine_published","residual_from_total_minus_nine_published","{""total"":""J27"",""food"":""K27"",""housing"":""L27"",""utilities"":""M27"",""furniture_household_goods"":""N27"",""clothing_footwear"":""O27"",""health"":""P27"",""transport_communications"":""Q27"",""education"":""R27"",""culture_recreation"":""S27"",""otherRaw"":""T27""}","{""total"":""J12"",""food"":""K12"",""housing"":""L12"",""utilities"":""M12"",""furniture_household_goods"":""N12"",""clothing_footwear"":""O12"",""health"":""P12"",""transport_communications"":""Q12"",""education"":""R12"",""culture_recreation"":""S12"",""otherRaw"":""T12""}"
"2019","true","clothing_footwear","Clothing and footwear","1.0080049696030577","0.037232000594407615","0.03731748160932307","0.037530041627426874","3.7530041627426876","0.02125600181038037","0.03753034190882742","3.7530341908827416","0.021286029950434715","0.9999919989697597","99.99919989697597","residual_from_total_minus_nine_published","residual_from_total_minus_nine_published","{""total"":""J27"",""food"":""K27"",""housing"":""L27"",""utilities"":""M27"",""furniture_household_goods"":""N27"",""clothing_footwear"":""O27"",""health"":""P27"",""transport_communications"":""Q27"",""education"":""R27"",""culture_recreation"":""S27"",""otherRaw"":""T27""}","{""total"":""J12"",""food"":""K12"",""housing"":""L12"",""utilities"":""M12"",""furniture_household_goods"":""N12"",""clothing_footwear"":""O12"",""health"":""P12"",""transport_communications"":""Q12"",""education"":""R12"",""culture_recreation"":""S12"",""otherRaw"":""T12""}"
"2019","true","health","Health","0.992988079851119","0.04686532539689092","0.04674670847466316","0.0465367094774566","4.65367094774566","-0.02099989972065633","0.04653708182205556","4.6537081822055555","-0.020962665260760432","0.9999919989697597","99.99919989697597","residual_from_total_minus_nine_published","residual_from_total_minus_nine_published","{""total"":""J27"",""food"":""K27"",""housing"":""L27"",""utilities"":""M27"",""furniture_household_goods"":""N27"",""clothing_footwear"":""O27"",""health"":""P27"",""transport_communications"":""Q27"",""education"":""R27"",""culture_recreation"":""S27"",""otherRaw"":""T27""}","{""total"":""J12"",""food"":""K12"",""housing"":""L12"",""utilities"":""M12"",""furniture_household_goods"":""N12"",""clothing_footwear"":""O12"",""health"":""P12"",""transport_communications"":""Q12"",""education"":""R12"",""culture_recreation"":""S12"",""otherRaw"":""T12""}"
"2019","true","transport_communications","Transport and communications","1.0022827490063857","0.16665084331580382","0.16755914492964125","0.1670312653627963","16.70312653627963","-0.0527879566844941","0.1670326017956944","16.70326017956944","-0.052654313394684404","0.9999919989697597","99.99919989697597","residual_from_total_minus_nine_published","residual_from_total_minus_nine_published","{""total"":""J27"",""food"":""K27"",""housing"":""L27"",""utilities"":""M27"",""furniture_household_goods"":""N27"",""clothing_footwear"":""O27"",""health"":""P27"",""transport_communications"":""Q27"",""education"":""R27"",""culture_recreation"":""S27"",""otherRaw"":""T27""}","{""total"":""J12"",""food"":""K12"",""housing"":""L12"",""utilities"":""M12"",""furniture_household_goods"":""N12"",""clothing_footwear"":""O12"",""health"":""P12"",""transport_communications"":""Q12"",""education"":""R12"",""culture_recreation"":""S12"",""otherRaw"":""T12""}"
"2019","true","education","Education","1.0426808019357472","0.033667618819605546","0.034599463445058654","0.03510457979009336","3.5104579790093364","0.050511634503470904","0.03510486066514513","3.510486066514513","0.05053972200864745","0.9999919989697597","99.99919989697597","residual_from_total_minus_nine_published","residual_from_total_minus_nine_published","{""total"":""J27"",""food"":""K27"",""housing"":""L27"",""utilities"":""M27"",""furniture_household_goods"":""N27"",""clothing_footwear"":""O27"",""health"":""P27"",""transport_communications"":""Q27"",""education"":""R27"",""culture_recreation"":""S27"",""otherRaw"":""T27""}","{""total"":""J12"",""food"":""K12"",""housing"":""L12"",""utilities"":""M12"",""furniture_household_goods"":""N12"",""clothing_footwear"":""O12"",""health"":""P12"",""transport_communications"":""Q12"",""education"":""R12"",""culture_recreation"":""S12"",""otherRaw"":""T12""}"
"2019","true","culture_recreation","Culture and recreation","0.9987133336342826","0.10645365684518159","0.10601552420905137","0.10631668650541126","10.631668650541126","0.030116229635988867","0.10631753715524112","10.63175371552411","0.030201294618974195","0.9999919989697597","99.99919989697597","residual_from_total_minus_nine_published","residual_from_total_minus_nine_published","{""total"":""J27"",""food"":""K27"",""housing"":""L27"",""utilities"":""M27"",""furniture_household_goods"":""N27"",""clothing_footwear"":""O27"",""health"":""P27"",""transport_communications"":""Q27"",""education"":""R27"",""culture_recreation"":""S27"",""otherRaw"":""T27""}","{""total"":""J12"",""food"":""K12"",""housing"":""L12"",""utilities"":""M12"",""furniture_household_goods"":""N12"",""clothing_footwear"":""O12"",""health"":""P12"",""transport_communications"":""Q12"",""education"":""R12"",""culture_recreation"":""S12"",""otherRaw"":""T12""}"
"2019","true","other","Other (official; residual when unpublished)","0.9955196253776235","0.1648789720050523","0.1633042984202388","0.16414025244311733","16.414025244311734","0.08359540228785323","0.16414156574474856","16.414156574474855","0.0837267324509755","0.9999919989697597","99.99919989697597","residual_from_total_minus_nine_published","residual_from_total_minus_nine_published","{""total"":""J27"",""food"":""K27"",""housing"":""L27"",""utilities"":""M27"",""furniture_household_goods"":""N27"",""clothing_footwear"":""O27"",""health"":""P27"",""transport_communications"":""Q27"",""education"":""R27"",""culture_recreation"":""S27"",""otherRaw"":""T27""}","{""total"":""J12"",""food"":""K12"",""housing"":""L12"",""utilities"":""M12"",""furniture_household_goods"":""N12"",""clothing_footwear"":""O12"",""health"":""P12"",""transport_communications"":""Q12"",""education"":""R12"",""culture_recreation"":""S12"",""otherRaw"":""T12""}"
"2020","true","food","Food","1.0018406262357524","0.26882227215432675","0.2688355258641355","0.2693170734812086","26.93170734812086","0.04815476170730859","0.2693331152544819","26.93331152544819","0.04975893903463868","0.9999404389123925","99.99404389123924","official_workbook_value","official_workbook_value","{""total"":""J28"",""food"":""K28"",""housing"":""L28"",""utilities"":""M28"",""furniture_household_goods"":""N28"",""clothing_footwear"":""O28"",""health"":""P28"",""transport_communications"":""Q28"",""education"":""R28"",""culture_recreation"":""S28"",""otherRaw"":""T28""}","{""total"":""J13"",""food"":""K13"",""housing"":""L13"",""utilities"":""M13"",""furniture_household_goods"":""N13"",""clothing_footwear"":""O13"",""health"":""P13"",""transport_communications"":""Q13"",""education"":""R13"",""culture_recreation"":""S13"",""otherRaw"":""T13""}"
"2020","true","housing","Housing","0.9822465053124065","0.08087685646955664","0.08088486033940806","0.0794410096278751","7.944100962787511","-0.1443850711532954","0.07944574150264479","7.944574150264478","-0.1439118836763273","0.9999404389123925","99.99404389123924","official_workbook_value","official_workbook_value","{""total"":""J28"",""food"":""K28"",""housing"":""L28"",""utilities"":""M28"",""furniture_household_goods"":""N28"",""clothing_footwear"":""O28"",""health"":""P28"",""transport_communications"":""Q28"",""education"":""R28"",""culture_recreation"":""S28"",""otherRaw"":""T28""}","{""total"":""J13"",""food"":""K13"",""housing"":""L13"",""utilities"":""M13"",""furniture_household_goods"":""N13"",""clothing_footwear"":""O13"",""health"":""P13"",""transport_communications"":""Q13"",""education"":""R13"",""culture_recreation"":""S13"",""otherRaw"":""T13""}"
"2020","true","utilities","Utilities","1.0012680449322064","0.07381816188962569","0.07379688412655717","0.07391176663571462","7.391176663571462","0.011488250915744902","0.07391616916314177","7.3916169163141765","0.011928503658459322","0.9999404389123925","99.99404389123924","official_workbook_value","official_workbook_value","{""total"":""J28"",""food"":""K28"",""housing"":""L28"",""utilities"":""M28"",""furniture_household_goods"":""N28"",""clothing_footwear"":""O28"",""health"":""P28"",""transport_communications"":""Q28"",""education"":""R28"",""culture_recreation"":""S28"",""otherRaw"":""T28""}","{""total"":""J13"",""food"":""K13"",""housing"":""L13"",""utilities"":""M13"",""furniture_household_goods"":""N13"",""clothing_footwear"":""O13"",""health"":""P13"",""transport_communications"":""Q13"",""education"":""R13"",""culture_recreation"":""S13"",""otherRaw"":""T13""}"
"2020","true","furniture_household_goods","Furniture and household goods","0.9963133256325227","0.04541787691127309","0.045424721483500595","0.04525043598863906","4.525043598863906","-0.017428549486153688","0.045253131314357785","4.525313131435778","-0.01715901691428101","0.9999404389123925","99.99404389123924","official_workbook_value","official_workbook_value","{""total"":""J28"",""food"":""K28"",""housing"":""L28"",""utilities"":""M28"",""furniture_household_goods"":""N28"",""clothing_footwear"":""O28"",""health"":""P28"",""transport_communications"":""Q28"",""education"":""R28"",""culture_recreation"":""S28"",""otherRaw"":""T28""}","{""total"":""J13"",""food"":""K13"",""housing"":""L13"",""utilities"":""M13"",""furniture_household_goods"":""N13"",""clothing_footwear"":""O13"",""health"":""P13"",""transport_communications"":""Q13"",""education"":""R13"",""culture_recreation"":""S13"",""otherRaw"":""T13""}"
"2020","true","clothing_footwear","Clothing and footwear","1.0080049696030577","0.032533567161725216","0.03253738969351087","0.03279399737793386","3.279399737793386","0.025660768442299642","0.03279595074042908","3.2795950740429083","0.025856104691821674","0.9999404389123925","99.99404389123924","official_workbook_value","official_workbook_value","{""total"":""J28"",""food"":""K28"",""housing"":""L28"",""utilities"":""M28"",""furniture_household_goods"":""N28"",""clothing_footwear"":""O28"",""health"":""P28"",""transport_communications"":""Q28"",""education"":""R28"",""culture_recreation"":""S28"",""otherRaw"":""T28""}","{""total"":""J13"",""food"":""K13"",""housing"":""L13"",""utilities"":""M13"",""furniture_household_goods"":""N13"",""clothing_footwear"":""O13"",""health"":""P13"",""transport_communications"":""Q13"",""education"":""R13"",""culture_recreation"":""S13"",""otherRaw"":""T13""}"
"2020","true","health","Health","0.992988079851119","0.049352770318408505","0.049367112825770616","0.04900671263380976","4.900671263380977","-0.03604001919608538","0.04900963170077711","4.900963170077711","-0.03574811249935084","0.9999404389123925","99.99404389123924","official_workbook_value","official_workbook_value","{""total"":""J28"",""food"":""K28"",""housing"":""L28"",""utilities"":""M28"",""furniture_household_goods"":""N28"",""clothing_footwear"":""O28"",""health"":""P28"",""transport_communications"":""Q28"",""education"":""R28"",""culture_recreation"":""S28"",""otherRaw"":""T28""}","{""total"":""J13"",""food"":""K13"",""housing"":""L13"",""utilities"":""M13"",""furniture_household_goods"":""N13"",""clothing_footwear"":""O13"",""health"":""P13"",""transport_communications"":""Q13"",""education"":""R13"",""culture_recreation"":""S13"",""otherRaw"":""T13""}"
"2020","true","transport_communications","Transport and communications","1.0022827490063857","0.16287060886721105","0.16286139056234505","0.16324240158777212","16.32424015877721","0.03810110254270638","0.16325212506189504","16.325212506189505","0.03907344995499884","0.9999404389123925","99.99404389123924","official_workbook_value","official_workbook_value","{""total"":""J28"",""food"":""K28"",""housing"":""L28"",""utilities"":""M28"",""furniture_household_goods"":""N28"",""clothing_footwear"":""O28"",""health"":""P28"",""transport_communications"":""Q28"",""education"":""R28"",""culture_recreation"":""S28"",""otherRaw"":""T28""}","{""total"":""J13"",""food"":""K13"",""housing"":""L13"",""utilities"":""M13"",""furniture_household_goods"":""N13"",""clothing_footwear"":""O13"",""health"":""P13"",""transport_communications"":""Q13"",""education"":""R13"",""culture_recreation"":""S13"",""otherRaw"":""T13""}"
"2020","true","education","Education","1.0426808019357472","0.0351608483586343","0.03515739741398036","0.03666154156332201","3.666154156332201","0.1504144149341656","0.036663725294676305","3.6663725294676306","0.15063278806959485","0.9999404389123925","99.99404389123924","official_workbook_value","official_workbook_value","{""total"":""J28"",""food"":""K28"",""housing"":""L28"",""utilities"":""M28"",""furniture_household_goods"":""N28"",""clothing_footwear"":""O28"",""health"":""P28"",""transport_communications"":""Q28"",""education"":""R28"",""culture_recreation"":""S28"",""otherRaw"":""T28""}","{""total"":""J13"",""food"":""K13"",""housing"":""L13"",""utilities"":""M13"",""furniture_household_goods"":""N13"",""clothing_footwear"":""O13"",""health"":""P13"",""transport_communications"":""Q13"",""education"":""R13"",""culture_recreation"":""S13"",""otherRaw"":""T13""}"
"2020","true","culture_recreation","Culture and recreation","0.9987133336342826","0.09332712226667397","0.09334115134033427","0.09320704139744425","9.320704139744425","-0.013410994289002331","0.0932125932408764","9.32125932408764","-0.012855809945787333","0.9999404389123925","99.99404389123924","official_workbook_value","official_workbook_value","{""total"":""J28"",""food"":""K28"",""housing"":""L28"",""utilities"":""M28"",""furniture_household_goods"":""N28"",""clothing_footwear"":""O28"",""health"":""P28"",""transport_communications"":""Q28"",""education"":""R28"",""culture_recreation"":""S28"",""otherRaw"":""T28""}","{""total"":""J13"",""food"":""K13"",""housing"":""L13"",""utilities"":""M13"",""furniture_household_goods"":""N13"",""clothing_footwear"":""O13"",""health"":""P13"",""transport_communications"":""Q13"",""education"":""R13"",""culture_recreation"":""S13"",""otherRaw"":""T13""}"
"2020","true","other","Other (official; residual when unpublished)","0.9955196253776235","0.15781553132021703","0.15779244091758793","0.15710845861867306","15.710845861867305","-0.06839822989148647","0.15711781672671982","15.711781672671982","-0.06746241908681117","0.9999404389123925","99.99404389123924","official_workbook_value","official_workbook_value","{""total"":""J28"",""food"":""K28"",""housing"":""L28"",""utilities"":""M28"",""furniture_household_goods"":""N28"",""clothing_footwear"":""O28"",""health"":""P28"",""transport_communications"":""Q28"",""education"":""R28"",""culture_recreation"":""S28"",""otherRaw"":""T28""}","{""total"":""J13"",""food"":""K13"",""housing"":""L13"",""utilities"":""M13"",""furniture_household_goods"":""N13"",""clothing_footwear"":""O13"",""health"":""P13"",""transport_communications"":""Q13"",""education"":""R13"",""culture_recreation"":""S13"",""otherRaw"":""T13""}"
"2021","true","food","Food","1.0018406262357524","0.26498306034369556","0.2651053153209461","0.26547079511659416","26.547079511659415","0.03654797956480493","0.2654980749343473","26.54980749343473","0.03927596134011835","0.9998972504122304","99.98972504122304","official_workbook_value","official_workbook_value","{""total"":""J29"",""food"":""K29"",""housing"":""L29"",""utilities"":""M29"",""furniture_household_goods"":""N29"",""clothing_footwear"":""O29"",""health"":""P29"",""transport_communications"":""Q29"",""education"":""R29"",""culture_recreation"":""S29"",""otherRaw"":""T29""}","{""total"":""J14"",""food"":""K14"",""housing"":""L14"",""utilities"":""M14"",""furniture_household_goods"":""N14"",""clothing_footwear"":""O14"",""health"":""P14"",""transport_communications"":""Q14"",""education"":""R14"",""culture_recreation"":""S14"",""otherRaw"":""T14""}"
"2021","true","housing","Housing","0.9822465053124065","0.08628828931357185","0.0853627775743993","0.08475637062764182","8.475637062764182","-0.060640694675748175","0.0847650802046901","8.47650802046901","-0.059769736970920195","0.9998972504122304","99.98972504122304","official_workbook_value","official_workbook_value","{""total"":""J29"",""food"":""K29"",""housing"":""L29"",""utilities"":""M29"",""furniture_household_goods"":""N29"",""clothing_footwear"":""O29"",""health"":""P29"",""transport_communications"":""Q29"",""education"":""R29"",""culture_recreation"":""S29"",""otherRaw"":""T29""}","{""total"":""J14"",""food"":""K14"",""housing"":""L14"",""utilities"":""M14"",""furniture_household_goods"":""N14"",""clothing_footwear"":""O14"",""health"":""P14"",""transport_communications"":""Q14"",""education"":""R14"",""culture_recreation"":""S14"",""otherRaw"":""T14""}"
"2021","true","utilities","Utilities","1.0012680449322064","0.07208217703035132","0.0720878684250471","0.07217358046963707","7.217358046963707","0.008571204458997228","0.07218099703732744","7.218099703732745","0.00931286122803493","0.9998972504122304","99.98972504122304","official_workbook_value","official_workbook_value","{""total"":""J29"",""food"":""K29"",""housing"":""L29"",""utilities"":""M29"",""furniture_household_goods"":""N29"",""clothing_footwear"":""O29"",""health"":""P29"",""transport_communications"":""Q29"",""education"":""R29"",""culture_recreation"":""S29"",""otherRaw"":""T29""}","{""total"":""J14"",""food"":""K14"",""housing"":""L14"",""utilities"":""M14"",""furniture_household_goods"":""N14"",""clothing_footwear"":""O14"",""health"":""P14"",""transport_communications"":""Q14"",""education"":""R14"",""culture_recreation"":""S14"",""otherRaw"":""T14""}"
"2021","true","furniture_household_goods","Furniture and household goods","0.9963133256325227","0.04378266464733124","0.04384046001232176","0.04362125221983607","4.362125221983607","-0.021920779248568723","0.04362573474609738","4.3625734746097375","-0.021472526622438176","0.9998972504122304","99.98972504122304","official_workbook_value","official_workbook_value","{""total"":""J29"",""food"":""K29"",""housing"":""L29"",""utilities"":""M29"",""furniture_household_goods"":""N29"",""clothing_footwear"":""O29"",""health"":""P29"",""transport_communications"":""Q29"",""education"":""R29"",""culture_recreation"":""S29"",""otherRaw"":""T29""}","{""total"":""J14"",""food"":""K14"",""housing"":""L14"",""utilities"":""M14"",""furniture_household_goods"":""N14"",""clothing_footwear"":""O14"",""health"":""P14"",""transport_communications"":""Q14"",""education"":""R14"",""culture_recreation"":""S14"",""otherRaw"":""T14""}"
"2021","true","clothing_footwear","Clothing and footwear","1.0080049696030577","0.0316392947500197","0.03170843861889158","0.031892566342755786","3.1892566342755786","0.01841277238642039","0.031895843627540076","3.1895843627540077","0.018740500864849324","0.9998972504122304","99.98972504122304","official_workbook_value","official_workbook_value","{""total"":""J29"",""food"":""K29"",""housing"":""L29"",""utilities"":""M29"",""furniture_household_goods"":""N29"",""clothing_footwear"":""O29"",""health"":""P29"",""transport_communications"":""Q29"",""education"":""R29"",""culture_recreation"":""S29"",""otherRaw"":""T29""}","{""total"":""J14"",""food"":""K14"",""housing"":""L14"",""utilities"":""M14"",""furniture_household_goods"":""N14"",""clothing_footwear"":""O14"",""health"":""P14"",""transport_communications"":""Q14"",""education"":""R14"",""culture_recreation"":""S14"",""otherRaw"":""T14""}"
"2021","true","health","Health","0.992988079851119","0.04999824913113132","0.049876335973284995","0.04964766540063997","4.964766540063997","-0.022867057264502194","0.049652767202001596","4.965276720200159","-0.022356877128339864","0.9998972504122304","99.98972504122304","official_workbook_value","official_workbook_value","{""total"":""J29"",""food"":""K29"",""housing"":""L29"",""utilities"":""M29"",""furniture_household_goods"":""N29"",""clothing_footwear"":""O29"",""health"":""P29"",""transport_communications"":""Q29"",""education"":""R29"",""culture_recreation"":""S29"",""otherRaw"":""T29""}","{""total"":""J14"",""food"":""K14"",""housing"":""L14"",""utilities"":""M14"",""furniture_household_goods"":""N14"",""clothing_footwear"":""O14"",""health"":""P14"",""transport_communications"":""Q14"",""education"":""R14"",""culture_recreation"":""S14"",""otherRaw"":""T14""}"
"2021","true","transport_communications","Transport and communications","1.0022827490063857","0.16354100097173221","0.16400774127878426","0.16391432402920375","16.391432402920376","-0.009341724958050746","0.16393116788912696","16.393116788912696","-0.007657338965730287","0.9998972504122304","99.98972504122304","official_workbook_value","official_workbook_value","{""total"":""J29"",""food"":""K29"",""housing"":""L29"",""utilities"":""M29"",""furniture_household_goods"":""N29"",""clothing_footwear"":""O29"",""health"":""P29"",""transport_communications"":""Q29"",""education"":""R29"",""culture_recreation"":""S29"",""otherRaw"":""T29""}","{""total"":""J14"",""food"":""K14"",""housing"":""L14"",""utilities"":""M14"",""furniture_household_goods"":""N14"",""clothing_footwear"":""O14"",""health"":""P14"",""transport_communications"":""Q14"",""education"":""R14"",""culture_recreation"":""S14"",""otherRaw"":""T14""}"
"2021","true","education","Education","1.0426808019357472","0.036601913699673465","0.03725546219988035","0.03816411272875854","3.816411272875854","0.09086505288781882","0.03816803447856719","3.816803447856719","0.09125722786868379","0.9998972504122304","99.98972504122304","official_workbook_value","official_workbook_value","{""total"":""J29"",""food"":""K29"",""housing"":""L29"",""utilities"":""M29"",""furniture_household_goods"":""N29"",""clothing_footwear"":""O29"",""health"":""P29"",""transport_communications"":""Q29"",""education"":""R29"",""culture_recreation"":""S29"",""otherRaw"":""T29""}","{""total"":""J14"",""food"":""K14"",""housing"":""L14"",""utilities"":""M14"",""furniture_household_goods"":""N14"",""clothing_footwear"":""O14"",""health"":""P14"",""transport_communications"":""Q14"",""education"":""R14"",""culture_recreation"":""S14"",""otherRaw"":""T14""}"
"2021","true","culture_recreation","Culture and recreation","0.9987133336342826","0.093365082422152","0.09331165120494299","0.09324495271086698","9.324495271086699","-0.006669849407600625","0.0932545345758523","9.32545345758523","-0.005711662909069215","0.9998972504122304","99.98972504122304","official_workbook_value","official_workbook_value","{""total"":""J29"",""food"":""K29"",""housing"":""L29"",""utilities"":""M29"",""furniture_household_goods"":""N29"",""clothing_footwear"":""O29"",""health"":""P29"",""transport_communications"":""Q29"",""education"":""R29"",""culture_recreation"":""S29"",""otherRaw"":""T29""}","{""total"":""J14"",""food"":""K14"",""housing"":""L14"",""utilities"":""M14"",""furniture_household_goods"":""N14"",""clothing_footwear"":""O14"",""health"":""P14"",""transport_communications"":""Q14"",""education"":""R14"",""culture_recreation"":""S14"",""otherRaw"":""T14""}"
"2021","true","other","Other (official; residual when unpublished)","0.9955196253776235","0.15771826769034133","0.1574406010875291","0.15701163076629635","15.701163076629635","-0.042897032123276335","0.15702776530444976","15.702776530444975","-0.041283578307935165","0.9998972504122304","99.98972504122304","official_workbook_value","official_workbook_value","{""total"":""J29"",""food"":""K29"",""housing"":""L29"",""utilities"":""M29"",""furniture_household_goods"":""N29"",""clothing_footwear"":""O29"",""health"":""P29"",""transport_communications"":""Q29"",""education"":""R29"",""culture_recreation"":""S29"",""otherRaw"":""T29""}","{""total"":""J14"",""food"":""K14"",""housing"":""L14"",""utilities"":""M14"",""furniture_household_goods"":""N14"",""clothing_footwear"":""O14"",""health"":""P14"",""transport_communications"":""Q14"",""education"":""R14"",""culture_recreation"":""S14"",""otherRaw"":""T14""}"
"2022","true","food","Food","1.0018406262357524","0.26665307529654625","0.2667779661622124","0.26714388394278116","26.714388394278117","0.03659177805687697","0.26718106317540463","26.718106317540464","0.0403097013192244","0.999860846303321","99.9860846303321","official_workbook_value","official_workbook_value","{""total"":""J30"",""food"":""K30"",""housing"":""L30"",""utilities"":""M30"",""furniture_household_goods"":""N30"",""clothing_footwear"":""O30"",""health"":""P30"",""transport_communications"":""Q30"",""education"":""R30"",""culture_recreation"":""S30"",""otherRaw"":""T30""}","{""total"":""J15"",""food"":""K15"",""housing"":""L15"",""utilities"":""M15"",""furniture_household_goods"":""N15"",""clothing_footwear"":""O15"",""health"":""P15"",""transport_communications"":""Q15"",""education"":""R15"",""culture_recreation"":""S15"",""otherRaw"":""T15""}"
"2022","true","housing","Housing","0.9822465053124065","0.08366484535191153","0.08234828230543596","0.08217950196441803","8.217950196441803","-0.01687803410179295","0.08219093913743253","8.219093913743253","-0.015734316800343484","0.999860846303321","99.9860846303321","official_workbook_value","official_workbook_value","{""total"":""J30"",""food"":""K30"",""housing"":""L30"",""utilities"":""M30"",""furniture_household_goods"":""N30"",""clothing_footwear"":""O30"",""health"":""P30"",""transport_communications"":""Q30"",""education"":""R30"",""culture_recreation"":""S30"",""otherRaw"":""T30""}","{""total"":""J15"",""food"":""K15"",""housing"":""L15"",""utilities"":""M15"",""furniture_household_goods"":""N15"",""clothing_footwear"":""O15"",""health"":""P15"",""transport_communications"":""Q15"",""education"":""R15"",""culture_recreation"":""S15"",""otherRaw"":""T15""}"
"2022","true","utilities","Utilities","1.0012680449322064","0.08023000013876007","0.08018324383569944","0.08033173538384694","8.033173538384695","0.01484915481475002","0.08034291539752648","8.03429153975265","0.015967156182704334","0.999860846303321","99.9860846303321","official_workbook_value","official_workbook_value","{""total"":""J30"",""food"":""K30"",""housing"":""L30"",""utilities"":""M30"",""furniture_household_goods"":""N30"",""clothing_footwear"":""O30"",""health"":""P30"",""transport_communications"":""Q30"",""education"":""R30"",""culture_recreation"":""S30"",""otherRaw"":""T30""}","{""total"":""J15"",""food"":""K15"",""housing"":""L15"",""utilities"":""M15"",""furniture_household_goods"":""N15"",""clothing_footwear"":""O15"",""health"":""P15"",""transport_communications"":""Q15"",""education"":""R15"",""culture_recreation"":""S15"",""otherRaw"":""T15""}"
"2022","true","furniture_household_goods","Furniture and household goods","0.9963133256325227","0.042836298351210264","0.0429707660297782","0.04267837486808125","4.2678374868081255","-0.029239116169695045","0.04268431454824085","4.268431454824085","-0.028645148153735173","0.999860846303321","99.9860846303321","official_workbook_value","official_workbook_value","{""total"":""J30"",""food"":""K30"",""housing"":""L30"",""utilities"":""M30"",""furniture_household_goods"":""N30"",""clothing_footwear"":""O30"",""health"":""P30"",""transport_communications"":""Q30"",""education"":""R30"",""culture_recreation"":""S30"",""otherRaw"":""T30""}","{""total"":""J15"",""food"":""K15"",""housing"":""L15"",""utilities"":""M15"",""furniture_household_goods"":""N15"",""clothing_footwear"":""O15"",""health"":""P15"",""transport_communications"":""Q15"",""education"":""R15"",""culture_recreation"":""S15"",""otherRaw"":""T15""}"
"2022","true","clothing_footwear","Clothing and footwear","1.0080049696030577","0.03244423713454069","0.032575119044656486","0.032703952266597086","3.2703952266597085","0.012883322194059965","0.03270850377581033","3.2708503775810334","0.013338473115384608","0.999860846303321","99.9860846303321","official_workbook_value","official_workbook_value","{""total"":""J30"",""food"":""K30"",""housing"":""L30"",""utilities"":""M30"",""furniture_household_goods"":""N30"",""clothing_footwear"":""O30"",""health"":""P30"",""transport_communications"":""Q30"",""education"":""R30"",""culture_recreation"":""S30"",""otherRaw"":""T30""}","{""total"":""J15"",""food"":""K15"",""housing"":""L15"",""utilities"":""M15"",""furniture_household_goods"":""N15"",""clothing_footwear"":""O15"",""health"":""P15"",""transport_communications"":""Q15"",""education"":""R15"",""culture_recreation"":""S15"",""otherRaw"":""T15""}"
"2022","true","health","Health","0.992988079851119","0.048810452688689665","0.048629512255026604","0.04846819769200584","4.846819769200584","-0.016131456302076463","0.048474943159542795","4.84749431595428","-0.01545690954838086","0.999860846303321","99.9860846303321","official_workbook_value","official_workbook_value","{""total"":""J30"",""food"":""K30"",""housing"":""L30"",""utilities"":""M30"",""furniture_household_goods"":""N30"",""clothing_footwear"":""O30"",""health"":""P30"",""transport_communications"":""Q30"",""education"":""R30"",""culture_recreation"":""S30"",""otherRaw"":""T30""}","{""total"":""J15"",""food"":""K15"",""housing"":""L15"",""utilities"":""M15"",""furniture_household_goods"":""N15"",""clothing_footwear"":""O15"",""health"":""P15"",""transport_communications"":""Q15"",""education"":""R15"",""culture_recreation"":""S15"",""otherRaw"":""T15""}"
"2022","true","transport_communications","Transport and communications","1.0022827490063857","0.15958260973519242","0.16040652086649146","0.15994689677900187","15.994689677900187","-0.04596240874895907","0.159969157078564","15.996915707856399","-0.043736378792746944","0.999860846303321","99.9860846303321","official_workbook_value","official_workbook_value","{""total"":""J30"",""food"":""K30"",""housing"":""L30"",""utilities"":""M30"",""furniture_household_goods"":""N30"",""clothing_footwear"":""O30"",""health"":""P30"",""transport_communications"":""Q30"",""education"":""R30"",""culture_recreation"":""S30"",""otherRaw"":""T30""}","{""total"":""J15"",""food"":""K15"",""housing"":""L15"",""utilities"":""M15"",""furniture_household_goods"":""N15"",""clothing_footwear"":""O15"",""health"":""P15"",""transport_communications"":""Q15"",""education"":""R15"",""culture_recreation"":""S15"",""otherRaw"":""T15""}"
"2022","true","education","Education","1.0426808019357472","0.033870263612095185","0.03500416020635489","0.035315873624834564","3.531587362483456","0.03117134184796727","0.03532078864314388","3.532078864314388","0.03166284367889863","0.999860846303321","99.9860846303321","official_workbook_value","official_workbook_value","{""total"":""J30"",""food"":""K30"",""housing"":""L30"",""utilities"":""M30"",""furniture_household_goods"":""N30"",""clothing_footwear"":""O30"",""health"":""P30"",""transport_communications"":""Q30"",""education"":""R30"",""culture_recreation"":""S30"",""otherRaw"":""T30""}","{""total"":""J15"",""food"":""K15"",""housing"":""L15"",""utilities"":""M15"",""furniture_household_goods"":""N15"",""clothing_footwear"":""O15"",""health"":""P15"",""transport_communications"":""Q15"",""education"":""R15"",""culture_recreation"":""S15"",""otherRaw"":""T15""}"
"2022","true","culture_recreation","Culture and recreation","0.9987133336342826","0.09862531474517783","0.09847625003651676","0.09849841686988692","9.849841686988691","0.002216683337015468","0.09851212519627568","9.851212519627568","0.0035875159758919084","0.999860846303321","99.9860846303321","official_workbook_value","official_workbook_value","{""total"":""J30"",""food"":""K30"",""housing"":""L30"",""utilities"":""M30"",""furniture_household_goods"":""N30"",""clothing_footwear"":""O30"",""health"":""P30"",""transport_communications"":""Q30"",""education"":""R30"",""culture_recreation"":""S30"",""otherRaw"":""T30""}","{""total"":""J15"",""food"":""K15"",""housing"":""L15"",""utilities"":""M15"",""furniture_household_goods"":""N15"",""clothing_footwear"":""O15"",""health"":""P15"",""transport_communications"":""Q15"",""education"":""R15"",""culture_recreation"":""S15"",""otherRaw"":""T15""}"
"2022","true","other","Other (official; residual when unpublished)","0.9955196253776235","0.15328076817570013","0.1526292612360736","0.15259401291186736","15.259401291186736","-0.0035248324206232917","0.15261524988805888","15.261524988805888","-0.0014011348014708602","0.999860846303321","99.9860846303321","official_workbook_value","official_workbook_value","{""total"":""J30"",""food"":""K30"",""housing"":""L30"",""utilities"":""M30"",""furniture_household_goods"":""N30"",""clothing_footwear"":""O30"",""health"":""P30"",""transport_communications"":""Q30"",""education"":""R30"",""culture_recreation"":""S30"",""otherRaw"":""T30""}","{""total"":""J15"",""food"":""K15"",""housing"":""L15"",""utilities"":""M15"",""furniture_household_goods"":""N15"",""clothing_footwear"":""O15"",""health"":""P15"",""transport_communications"":""Q15"",""education"":""R15"",""culture_recreation"":""S15"",""otherRaw"":""T15""}"
"2023","true","food","Food","1.0018406262357524","0.27481267315434776","0.2753313889189385","0.2753185005704729","27.53185005704729","-0.0012888348465578403","0.2753446850067558","27.53446850067558","0.0013296087817304958","0.999904903062566","99.99049030625659","official_workbook_value","official_workbook_value","{""total"":""J31"",""food"":""K31"",""housing"":""L31"",""utilities"":""M31"",""furniture_household_goods"":""N31"",""clothing_footwear"":""O31"",""health"":""P31"",""transport_communications"":""Q31"",""education"":""R31"",""culture_recreation"":""S31"",""otherRaw"":""T31""}","{""total"":""J16"",""food"":""K16"",""housing"":""L16"",""utilities"":""M16"",""furniture_household_goods"":""N16"",""clothing_footwear"":""O16"",""health"":""P16"",""transport_communications"":""Q16"",""education"":""R16"",""culture_recreation"":""S16"",""otherRaw"":""T16""}"
"2023","true","housing","Housing","0.9822465053124065","0.08018015860703998","0.07834547629575404","0.07875668058715948","7.875668058715949","0.04112042914054398","0.07876417081858386","7.876417081858386","0.041869452282981834","0.999904903062566","99.99049030625659","official_workbook_value","official_workbook_value","{""total"":""J31"",""food"":""K31"",""housing"":""L31"",""utilities"":""M31"",""furniture_household_goods"":""N31"",""clothing_footwear"":""O31"",""health"":""P31"",""transport_communications"":""Q31"",""education"":""R31"",""culture_recreation"":""S31"",""otherRaw"":""T31""}","{""total"":""J16"",""food"":""K16"",""housing"":""L16"",""utilities"":""M16"",""furniture_household_goods"":""N16"",""clothing_footwear"":""O16"",""health"":""P16"",""transport_communications"":""Q16"",""education"":""R16"",""culture_recreation"":""S16"",""otherRaw"":""T16""}"
"2023","true","utilities","Utilities","1.0012680449322064","0.07600311092185527","0.07604536780205202","0.07609948628149166","7.609948628149166","0.005411847943963266","0.07610672379784297","7.6106723797842974","0.006135599579094875","0.999904903062566","99.99049030625659","official_workbook_value","official_workbook_value","{""total"":""J31"",""food"":""K31"",""housing"":""L31"",""utilities"":""M31"",""furniture_household_goods"":""N31"",""clothing_footwear"":""O31"",""health"":""P31"",""transport_communications"":""Q31"",""education"":""R31"",""culture_recreation"":""S31"",""otherRaw"":""T31""}","{""total"":""J16"",""food"":""K16"",""housing"":""L16"",""utilities"":""M16"",""furniture_household_goods"":""N16"",""clothing_footwear"":""O16"",""health"":""P16"",""transport_communications"":""Q16"",""education"":""R16"",""culture_recreation"":""S16"",""otherRaw"":""T16""}"
"2023","true","furniture_household_goods","Furniture and household goods","0.9963133256325227","0.04160181241391086","0.04175694680027601","0.04144844007844389","4.144844007844389","-0.030850672183211497","0.041452382073028385","4.145238207302839","-0.030456472724762346","0.999904903062566","99.99049030625659","official_workbook_value","official_workbook_value","{""total"":""J31"",""food"":""K31"",""housing"":""L31"",""utilities"":""M31"",""furniture_household_goods"":""N31"",""clothing_footwear"":""O31"",""health"":""P31"",""transport_communications"":""Q31"",""education"":""R31"",""culture_recreation"":""S31"",""otherRaw"":""T31""}","{""total"":""J16"",""food"":""K16"",""housing"":""L16"",""utilities"":""M16"",""furniture_household_goods"":""N16"",""clothing_footwear"":""O16"",""health"":""P16"",""transport_communications"":""Q16"",""education"":""R16"",""culture_recreation"":""S16"",""otherRaw"":""T16""}"
"2023","true","clothing_footwear","Clothing and footwear","1.0080049696030577","0.03239502460730859","0.032617428940826296","0.0326543457945804","3.26543457945804","0.0036916853754107026","0.03265745141819468","3.2657451418194676","0.00400224773683816","0.999904903062566","99.99049030625659","official_workbook_value","official_workbook_value","{""total"":""J31"",""food"":""K31"",""housing"":""L31"",""utilities"":""M31"",""furniture_household_goods"":""N31"",""clothing_footwear"":""O31"",""health"":""P31"",""transport_communications"":""Q31"",""education"":""R31"",""culture_recreation"":""S31"",""otherRaw"":""T31""}","{""total"":""J16"",""food"":""K16"",""housing"":""L16"",""utilities"":""M16"",""furniture_household_goods"":""N16"",""clothing_footwear"":""O16"",""health"":""P16"",""transport_communications"":""Q16"",""education"":""R16"",""culture_recreation"":""S16"",""otherRaw"":""T16""}"
"2023","true","health","Health","0.992988079851119","0.048859588937695146","0.048578501442556626","0.04851698940155688","4.851698940155688","-0.006151204099974494","0.048521603657464094","4.85216036574641","-0.005689778509253285","0.999904903062566","99.99049030625659","official_workbook_value","official_workbook_value","{""total"":""J31"",""food"":""K31"",""housing"":""L31"",""utilities"":""M31"",""furniture_household_goods"":""N31"",""clothing_footwear"":""O31"",""health"":""P31"",""transport_communications"":""Q31"",""education"":""R31"",""culture_recreation"":""S31"",""otherRaw"":""T31""}","{""total"":""J16"",""food"":""K16"",""housing"":""L16"",""utilities"":""M16"",""furniture_household_goods"":""N16"",""clothing_footwear"":""O16"",""health"":""P16"",""transport_communications"":""Q16"",""education"":""R16"",""culture_recreation"":""S16"",""otherRaw"":""T16""}"
"2023","true","transport_communications","Transport and communications","1.0022827490063857","0.16360242252107526","0.16453757841637004","0.16397588578852754","16.397588578852755","-0.05616926278425027","0.16399148087612414","16.399148087612414","-0.054609754024589896","0.999904903062566","99.99049030625659","official_workbook_value","official_workbook_value","{""total"":""J31"",""food"":""K31"",""housing"":""L31"",""utilities"":""M31"",""furniture_household_goods"":""N31"",""clothing_footwear"":""O31"",""health"":""P31"",""transport_communications"":""Q31"",""education"":""R31"",""culture_recreation"":""S31"",""otherRaw"":""T31""}","{""total"":""J16"",""food"":""K16"",""housing"":""L16"",""utilities"":""M16"",""furniture_household_goods"":""N16"",""clothing_footwear"":""O16"",""health"":""P16"",""transport_communications"":""Q16"",""education"":""R16"",""culture_recreation"":""S16"",""otherRaw"":""T16""}"
"2023","true","education","Education","1.0426808019357472","0.0323450499590312","0.03370446651661697","0.03372556262993446","3.372556262993446","0.0021096113317492504","0.03372877013267749","3.372877013267749","0.0024303616060525335","0.999904903062566","99.99049030625659","official_workbook_value","official_workbook_value","{""total"":""J31"",""food"":""K31"",""housing"":""L31"",""utilities"":""M31"",""furniture_household_goods"":""N31"",""clothing_footwear"":""O31"",""health"":""P31"",""transport_communications"":""Q31"",""education"":""R31"",""culture_recreation"":""S31"",""otherRaw"":""T31""}","{""total"":""J16"",""food"":""K16"",""housing"":""L16"",""utilities"":""M16"",""furniture_household_goods"":""N16"",""clothing_footwear"":""O16"",""health"":""P16"",""transport_communications"":""Q16"",""education"":""R16"",""culture_recreation"":""S16"",""otherRaw"":""T16""}"
"2023","true","culture_recreation","Culture and recreation","0.9987133336342826","0.1036036927100523","0.10346392138040118","0.10347038932327816","10.347038932327816","0.0006467942876980937","0.10348022997623388","10.348022997623389","0.0016308595832695283","0.999904903062566","99.99049030625659","official_workbook_value","official_workbook_value","{""total"":""J31"",""food"":""K31"",""housing"":""L31"",""utilities"":""M31"",""furniture_household_goods"":""N31"",""clothing_footwear"":""O31"",""health"":""P31"",""transport_communications"":""Q31"",""education"":""R31"",""culture_recreation"":""S31"",""otherRaw"":""T31""}","{""total"":""J16"",""food"":""K16"",""housing"":""L16"",""utilities"":""M16"",""furniture_household_goods"":""N16"",""clothing_footwear"":""O16"",""health"":""P16"",""transport_communications"":""Q16"",""education"":""R16"",""culture_recreation"":""S16"",""otherRaw"":""T16""}"
"2023","true","other","Other (official; residual when unpublished)","0.9955196253776235","0.1465954250291779","0.14561682293050626","0.14593862260712068","14.593862260712068","0.03217996766144149","0.14595250224309483","14.595250224309483","0.03356793125885715","0.999904903062566","99.99049030625659","official_workbook_value","official_workbook_value","{""total"":""J31"",""food"":""K31"",""housing"":""L31"",""utilities"":""M31"",""furniture_household_goods"":""N31"",""clothing_footwear"":""O31"",""health"":""P31"",""transport_communications"":""Q31"",""education"":""R31"",""culture_recreation"":""S31"",""otherRaw"":""T31""}","{""total"":""J16"",""food"":""K16"",""housing"":""L16"",""utilities"":""M16"",""furniture_household_goods"":""N16"",""clothing_footwear"":""O16"",""health"":""P16"",""transport_communications"":""Q16"",""education"":""R16"",""culture_recreation"":""S16"",""otherRaw"":""T16""}"
"2024","true","food","Food","1.0018406262357524","0.27890368162048473","0.2796103778887298","0.27941703905412335","27.941703905412336","-0.019333883460642687","0.2794386435640977","27.94386435640977","-0.017173432463207794","0.9999226860333317","99.99226860333317","official_workbook_value","official_workbook_value","{""total"":""J32"",""food"":""K32"",""housing"":""L32"",""utilities"":""M32"",""furniture_household_goods"":""N32"",""clothing_footwear"":""O32"",""health"":""P32"",""transport_communications"":""Q32"",""education"":""R32"",""culture_recreation"":""S32"",""otherRaw"":""T32""}","{""total"":""J17"",""food"":""K17"",""housing"":""L17"",""utilities"":""M17"",""furniture_household_goods"":""N17"",""clothing_footwear"":""O17"",""health"":""P17"",""transport_communications"":""Q17"",""education"":""R17"",""culture_recreation"":""S17"",""otherRaw"":""T17""}"
"2024","true","housing","Housing","0.9822465053124065","0.08142139546280604","0.079052632010798","0.07997588115100067","7.997588115100067","0.09232491402026699","0.079982064881699","7.9982064881699","0.0929432870900998","0.9999226860333317","99.99226860333317","official_workbook_value","official_workbook_value","{""total"":""J32"",""food"":""K32"",""housing"":""L32"",""utilities"":""M32"",""furniture_household_goods"":""N32"",""clothing_footwear"":""O32"",""health"":""P32"",""transport_communications"":""Q32"",""education"":""R32"",""culture_recreation"":""S32"",""otherRaw"":""T32""}","{""total"":""J17"",""food"":""K17"",""housing"":""L17"",""utilities"":""M17"",""furniture_household_goods"":""N17"",""clothing_footwear"":""O17"",""health"":""P17"",""transport_communications"":""Q17"",""education"":""R17"",""culture_recreation"":""S17"",""otherRaw"":""T17""}"
"2024","true","utilities","Utilities","1.0012680449322064","0.07237151083249954","0.07242286122199476","0.07246328116004681","7.2463281160046815","0.004041993805205257","0.07246888401693019","7.246888401693019","0.004602279493542971","0.9999226860333317","99.99226860333317","official_workbook_value","official_workbook_value","{""total"":""J32"",""food"":""K32"",""housing"":""L32"",""utilities"":""M32"",""furniture_household_goods"":""N32"",""clothing_footwear"":""O32"",""health"":""P32"",""transport_communications"":""Q32"",""education"":""R32"",""culture_recreation"":""S32"",""otherRaw"":""T32""}","{""total"":""J17"",""food"":""K17"",""housing"":""L17"",""utilities"":""M17"",""furniture_household_goods"":""N17"",""clothing_footwear"":""O17"",""health"":""P17"",""transport_communications"":""Q17"",""education"":""R17"",""culture_recreation"":""S17"",""otherRaw"":""T17""}"
"2024","true","furniture_household_goods","Furniture and household goods","0.9963133256325227","0.04226002082780307","0.04242273814456674","0.042104221892248155","4.210422189224816","-0.03185162523185875","0.042107477388351446","4.210747738835145","-0.03152607562152965","0.9999226860333317","99.99226860333317","official_workbook_value","official_workbook_value","{""total"":""J32"",""food"":""K32"",""housing"":""L32"",""utilities"":""M32"",""furniture_household_goods"":""N32"",""clothing_footwear"":""O32"",""health"":""P32"",""transport_communications"":""Q32"",""education"":""R32"",""culture_recreation"":""S32"",""otherRaw"":""T32""}","{""total"":""J17"",""food"":""K17"",""housing"":""L17"",""utilities"":""M17"",""furniture_household_goods"":""N17"",""clothing_footwear"":""O17"",""health"":""P17"",""transport_communications"":""Q17"",""education"":""R17"",""culture_recreation"":""S17"",""otherRaw"":""T17""}"
"2024","true","clothing_footwear","Clothing and footwear","1.0080049696030577","0.0321728299266943","0.032396030342688585","0.032430372452301834","3.2430372452301834","0.003434210961324874","0.032432879966902556","3.2432879966902557","0.00368496242139707","0.9999226860333317","99.99226860333317","official_workbook_value","official_workbook_value","{""total"":""J32"",""food"":""K32"",""housing"":""L32"",""utilities"":""M32"",""furniture_household_goods"":""N32"",""clothing_footwear"":""O32"",""health"":""P32"",""transport_communications"":""Q32"",""education"":""R32"",""culture_recreation"":""S32"",""otherRaw"":""T32""}","{""total"":""J17"",""food"":""K17"",""housing"":""L17"",""utilities"":""M17"",""furniture_household_goods"":""N17"",""clothing_footwear"":""O17"",""health"":""P17"",""transport_communications"":""Q17"",""education"":""R17"",""culture_recreation"":""S17"",""otherRaw"":""T17""}"
"2024","true","health","Health","0.992988079851119","0.049301656014538627","0.049035072964401905","0.048955956739357084","4.895595673935708","-0.007911622504482019","0.048959742011219026","4.895974201121903","-0.00753309531828783","0.9999226860333317","99.99226860333317","official_workbook_value","official_workbook_value","{""total"":""J32"",""food"":""K32"",""housing"":""L32"",""utilities"":""M32"",""furniture_household_goods"":""N32"",""clothing_footwear"":""O32"",""health"":""P32"",""transport_communications"":""Q32"",""education"":""R32"",""culture_recreation"":""S32"",""otherRaw"":""T32""}","{""total"":""J17"",""food"":""K17"",""housing"":""L17"",""utilities"":""M17"",""furniture_household_goods"":""N17"",""clothing_footwear"":""O17"",""health"":""P17"",""transport_communications"":""Q17"",""education"":""R17"",""culture_recreation"":""S17"",""otherRaw"":""T17""}"
"2024","true","transport_communications","Transport and communications","1.0022827490063857","0.15921119800706512","0.1604847609631219","0.15957463721112122","15.957463721112122","-0.09101237520006689","0.15958697551322676","15.958697551322675","-0.08977854498951332","0.9999226860333317","99.99226860333317","official_workbook_value","official_workbook_value","{""total"":""J32"",""food"":""K32"",""housing"":""L32"",""utilities"":""M32"",""furniture_household_goods"":""N32"",""clothing_footwear"":""O32"",""health"":""P32"",""transport_communications"":""Q32"",""education"":""R32"",""culture_recreation"":""S32"",""otherRaw"":""T32""}","{""total"":""J17"",""food"":""K17"",""housing"":""L17"",""utilities"":""M17"",""furniture_household_goods"":""N17"",""clothing_footwear"":""O17"",""health"":""P17"",""transport_communications"":""Q17"",""education"":""R17"",""culture_recreation"":""S17"",""otherRaw"":""T17""}"
"2024","true","education","Education","1.0426808019357472","0.03359912604904744","0.03525142667251968","0.035033163693161035","3.5033163693161034","-0.021826297935864658","0.03503587245543625","3.5035872455436246","-0.02155542170834343","0.9999226860333317","99.99226860333317","official_workbook_value","official_workbook_value","{""total"":""J32"",""food"":""K32"",""housing"":""L32"",""utilities"":""M32"",""furniture_household_goods"":""N32"",""clothing_footwear"":""O32"",""health"":""P32"",""transport_communications"":""Q32"",""education"":""R32"",""culture_recreation"":""S32"",""otherRaw"":""T32""}","{""total"":""J17"",""food"":""K17"",""housing"":""L17"",""utilities"":""M17"",""furniture_household_goods"":""N17"",""clothing_footwear"":""O17"",""health"":""P17"",""transport_communications"":""Q17"",""education"":""R17"",""culture_recreation"":""S17"",""otherRaw"":""T17""}"
"2024","true","culture_recreation","Culture and recreation","0.9987133336342826","0.10459947317909869","0.10428042781713975","0.10446488855508738","10.446488855508738","0.018446073794763096","0.10447296577448101","10.447296577448101","0.019253795734125445","0.9999226860333317","99.99226860333317","official_workbook_value","official_workbook_value","{""total"":""J32"",""food"":""K32"",""housing"":""L32"",""utilities"":""M32"",""furniture_household_goods"":""N32"",""clothing_footwear"":""O32"",""health"":""P32"",""transport_communications"":""Q32"",""education"":""R32"",""culture_recreation"":""S32"",""otherRaw"":""T32""}","{""total"":""J17"",""food"":""K17"",""housing"":""L17"",""utilities"":""M17"",""furniture_household_goods"":""N17"",""clothing_footwear"":""O17"",""health"":""P17"",""transport_communications"":""Q17"",""education"":""R17"",""culture_recreation"":""S17"",""otherRaw"":""T17""}"
"2024","true","other","Other (official; residual when unpublished)","0.9955196253776235","0.14615808710922346","0.14504674890973912","0.1455032441248842","14.550324412488418","0.04564952151450696","0.14551449442765613","14.551449442765612","0.04677455179170065","0.9999226860333317","99.99226860333317","official_workbook_value","official_workbook_value","{""total"":""J32"",""food"":""K32"",""housing"":""L32"",""utilities"":""M32"",""furniture_household_goods"":""N32"",""clothing_footwear"":""O32"",""health"":""P32"",""transport_communications"":""Q32"",""education"":""R32"",""culture_recreation"":""S32"",""otherRaw"":""T32""}","{""total"":""J17"",""food"":""K17"",""housing"":""L17"",""utilities"":""M17"",""furniture_household_goods"":""N17"",""clothing_footwear"":""O17"",""health"":""P17"",""transport_communications"":""Q17"",""education"":""R17"",""culture_recreation"":""S17"",""otherRaw"":""T17""}"
"2025","true","food","Food","1.0018406262357524","0.28663","0.2866477460233648","0.2871575786979537","28.71575786979537","0.05098326745889281","0.2871631231853226","28.71631231853226","0.05153771619578196","0.9999806922027195","99.99806922027194","official_workbook_value","official_workbook_value","{""total"":""J33"",""food"":""K33"",""housing"":""L33"",""utilities"":""M33"",""furniture_household_goods"":""N33"",""clothing_footwear"":""O33"",""health"":""P33"",""transport_communications"":""Q33"",""education"":""R33"",""culture_recreation"":""S33"",""otherRaw"":""T33""}","{""total"":""J18"",""food"":""K18"",""housing"":""L18"",""utilities"":""M18"",""furniture_household_goods"":""N18"",""clothing_footwear"":""O18"",""health"":""P18"",""transport_communications"":""Q18"",""education"":""R18"",""culture_recreation"":""S18"",""otherRaw"":""T18""}"
"2025","true","housing","Housing","0.9822465053124065","0.076508","0.07650960132644509","0.07514971562844161","7.514971562844161","-0.13598856980034796","0.07515116663193233","7.515116663193233","-0.13584346945127584","0.9999806922027195","99.99806922027194","official_workbook_value","official_workbook_value","{""total"":""J33"",""food"":""K33"",""housing"":""L33"",""utilities"":""M33"",""furniture_household_goods"":""N33"",""clothing_footwear"":""O33"",""health"":""P33"",""transport_communications"":""Q33"",""education"":""R33"",""culture_recreation"":""S33"",""otherRaw"":""T33""}","{""total"":""J18"",""food"":""K18"",""housing"":""L18"",""utilities"":""M18"",""furniture_household_goods"":""N18"",""clothing_footwear"":""O18"",""health"":""P18"",""transport_communications"":""Q18"",""education"":""R18"",""culture_recreation"":""S18"",""otherRaw"":""T18""}"
"2025","true","utilities","Utilities","1.0012680449322064","0.075322","0.07530756045705554","0.07541751168038366","7.541751168038366","0.010995122332811691","0.0754189678545261","7.541896785452611","0.011140739747056427","0.9999806922027195","99.99806922027194","official_workbook_value","official_workbook_value","{""total"":""J33"",""food"":""K33"",""housing"":""L33"",""utilities"":""M33"",""furniture_household_goods"":""N33"",""clothing_footwear"":""O33"",""health"":""P33"",""transport_communications"":""Q33"",""education"":""R33"",""culture_recreation"":""S33"",""otherRaw"":""T33""}","{""total"":""J18"",""food"":""K18"",""housing"":""L18"",""utilities"":""M18"",""furniture_household_goods"":""N18"",""clothing_footwear"":""O18"",""health"":""P18"",""transport_communications"":""Q18"",""education"":""R18"",""culture_recreation"":""S18"",""otherRaw"":""T18""}"
"2025","true","furniture_household_goods","Furniture and household goods","0.9963133256325227","0.041378000000000005","0.04138240700183806","0.04122545278802253","4.122545278802253","-0.01569542138155286","0.041226248776076536","4.122624877607653","-0.015615822576152405","0.9999806922027195","99.99806922027194","official_workbook_value","official_workbook_value","{""total"":""J33"",""food"":""K33"",""housing"":""L33"",""utilities"":""M33"",""furniture_household_goods"":""N33"",""clothing_footwear"":""O33"",""health"":""P33"",""transport_communications"":""Q33"",""education"":""R33"",""culture_recreation"":""S33"",""otherRaw"":""T33""}","{""total"":""J18"",""food"":""K18"",""housing"":""L18"",""utilities"":""M18"",""furniture_household_goods"":""N18"",""clothing_footwear"":""O18"",""health"":""P18"",""transport_communications"":""Q18"",""education"":""R18"",""culture_recreation"":""S18"",""otherRaw"":""T18""}"
"2025","true","clothing_footwear","Clothing and footwear","1.0080049696030577","0.031749","0.03174507933269731","0.03200314977992748","3.200314977992748","0.02580704472301687","0.032003767702186485","3.2003767702186483","0.025868836948917534","0.9999806922027195","99.99806922027194","official_workbook_value","official_workbook_value","{""total"":""J33"",""food"":""K33"",""housing"":""L33"",""utilities"":""M33"",""furniture_household_goods"":""N33"",""clothing_footwear"":""O33"",""health"":""P33"",""transport_communications"":""Q33"",""education"":""R33"",""culture_recreation"":""S33"",""otherRaw"":""T33""}","{""total"":""J18"",""food"":""K18"",""housing"":""L18"",""utilities"":""M18"",""furniture_household_goods"":""N18"",""clothing_footwear"":""O18"",""health"":""P18"",""transport_communications"":""Q18"",""education"":""R18"",""culture_recreation"":""S18"",""otherRaw"":""T18""}"
"2025","true","health","Health","0.992988079851119","0.049574","0.04958068574331528","0.049226391070539374","4.9226391070539375","-0.03542946727759025","0.04922734154207053","4.922734154207053","-0.03533442012447485","0.9999806922027195","99.99806922027194","official_workbook_value","official_workbook_value","{""total"":""J33"",""food"":""K33"",""housing"":""L33"",""utilities"":""M33"",""furniture_household_goods"":""N33"",""clothing_footwear"":""O33"",""health"":""P33"",""transport_communications"":""Q33"",""education"":""R33"",""culture_recreation"":""S33"",""otherRaw"":""T33""}","{""total"":""J18"",""food"":""K18"",""housing"":""L18"",""utilities"":""M18"",""furniture_household_goods"":""N18"",""clothing_footwear"":""O18"",""health"":""P18"",""transport_communications"":""Q18"",""education"":""R18"",""culture_recreation"":""S18"",""otherRaw"":""T18""}"
"2025","true","transport_communications","Transport and communications","1.0022827490063857","0.156446","0.1564543194468612","0.15680312695105303","15.680312695105304","0.03488075041918337","0.15680615453249708","15.680615453249708","0.035183508563588206","0.9999806922027195","99.99806922027194","official_workbook_value","official_workbook_value","{""total"":""J33"",""food"":""K33"",""housing"":""L33"",""utilities"":""M33"",""furniture_household_goods"":""N33"",""clothing_footwear"":""O33"",""health"":""P33"",""transport_communications"":""Q33"",""education"":""R33"",""culture_recreation"":""S33"",""otherRaw"":""T33""}","{""total"":""J18"",""food"":""K18"",""housing"":""L18"",""utilities"":""M18"",""furniture_household_goods"":""N18"",""clothing_footwear"":""O18"",""health"":""P18"",""transport_communications"":""Q18"",""education"":""R18"",""culture_recreation"":""S18"",""otherRaw"":""T18""}"
"2025","true","education","Education","1.0426808019357472","0.032435","0.03243410275949382","0.03381935181078596","3.3819351810785956","0.13852490512921353","0.03382000480058267","3.382000480058267","0.1385902041088849","0.9999806922027195","99.99806922027194","official_workbook_value","official_workbook_value","{""total"":""J33"",""food"":""K33"",""housing"":""L33"",""utilities"":""M33"",""furniture_household_goods"":""N33"",""clothing_footwear"":""O33"",""health"":""P33"",""transport_communications"":""Q33"",""education"":""R33"",""culture_recreation"":""S33"",""otherRaw"":""T33""}","{""total"":""J18"",""food"":""K18"",""housing"":""L18"",""utilities"":""M18"",""furniture_household_goods"":""N18"",""clothing_footwear"":""O18"",""health"":""P18"",""transport_communications"":""Q18"",""education"":""R18"",""culture_recreation"":""S18"",""otherRaw"":""T18""}"
"2025","true","culture_recreation","Culture and recreation","0.9987133336342826","0.106871","0.10686663346553782","0.10673349267882941","10.67334926788294","-0.013314078670841056","0.10673555350725915","10.673555350725914","-0.013107995827867092","0.9999806922027195","99.99806922027194","official_workbook_value","official_workbook_value","{""total"":""J33"",""food"":""K33"",""housing"":""L33"",""utilities"":""M33"",""furniture_household_goods"":""N33"",""clothing_footwear"":""O33"",""health"":""P33"",""transport_communications"":""Q33"",""education"":""R33"",""culture_recreation"":""S33"",""otherRaw"":""T33""}","{""total"":""J18"",""food"":""K18"",""housing"":""L18"",""utilities"":""M18"",""furniture_household_goods"":""N18"",""clothing_footwear"":""O18"",""health"":""P18"",""transport_communications"":""Q18"",""education"":""R18"",""culture_recreation"":""S18"",""otherRaw"":""T18""}"
"2025","true","other","Other (official; residual when unpublished)","0.9955196253776235","0.143086","0.14307286447739223","0.14244492111678264","14.244492111678264","-0.06279433606095897","0.14244767146754642","14.244767146754642","-0.06251930098458147","0.9999806922027195","99.99806922027194","official_workbook_value","official_workbook_value","{""total"":""J33"",""food"":""K33"",""housing"":""L33"",""utilities"":""M33"",""furniture_household_goods"":""N33"",""clothing_footwear"":""O33"",""health"":""P33"",""transport_communications"":""Q33"",""education"":""R33"",""culture_recreation"":""S33"",""otherRaw"":""T33""}","{""total"":""J18"",""food"":""K18"",""housing"":""L18"",""utilities"":""M18"",""furniture_household_goods"":""N18"",""clothing_footwear"":""O18"",""health"":""P18"",""transport_communications"":""Q18"",""education"":""R18"",""culture_recreation"":""S18"",""otherRaw"":""T18""}"
