"year","source_url","file","sha256","sheet","reported_year","national_column","denominator","single_count","share_1","count_2","share_2","count_3","share_3","count_4","share_4","count_5plus","share_5plus","pi2plus","raw_bin_sum","share_sum"
"2017","https://www.stat.go.jp/data/kakei/2017nn/zuhyou/setai-n.xls","data/source/cti-size-composition/raw/lfs-special-jan/2017-setai-n.xls","78dfeb79a9c39495ade1f8dee2469da5e3ba8a94d81c48621590e4c3bc8e7682","2017年世帯数分布表","2017","E","1000000","324778","0.324778","296228","0.296228","177091","0.177091","140102","0.140102","61800","0.0618","0.675222","999999","0.999999"
"2018","https://www.stat.go.jp/data/kakei/2018nn/zuhyou/setai-n.xls","data/source/cti-size-composition/raw/lfs-special-jan/2018-setai-n.xls","7032cd9d7b06f26f2cea9b6de00c9a9e22527ae08d98ecfa4a8e2af88a665928","2018年世帯数分布表","2018","E","1000000","327135","0.327135","296521","0.296521","176430","0.17643","138758","0.138758","61156","0.061156","0.672865","1000000","1"
"2019","https://www.stat.go.jp/data/kakei/2019nn/zuhyou/setai-n.xls","data/source/cti-size-composition/raw/lfs-special-jan/2019-setai-n.xls","52fb89bbf360c5ca72f6cbe65ccf09342736bf0077d3938c7df78ee86ccab1d8","2019年世帯数分布表","2019","E","1000000","331947","0.331947","295278","0.295278","174385","0.174385","137808","0.137808","60583","0.060583","0.668053","1000001","1.000001"
"2020","https://www.stat.go.jp/data/kakei/2020nn/zuhyou/setai-n.xls","data/source/cti-size-composition/raw/lfs-special-jan/2020-setai-n.xls","b5e541674119e5dfdae8b69c0801bf7561b36bc8567e67ab86f2d1921363e92e","2020年世帯数分布表","2020","E","1000000","344106","0.344106","296208","0.296208","168974","0.168974","133316","0.133316","57396","0.057396","0.655894","1000000","1"
"2021","https://www.stat.go.jp/data/kakei/2021nn/zuhyou/setai-n.xls","data/source/cti-size-composition/raw/lfs-special-jan/2021-setai-n.xls","558ec9b2abe88e10e6b18cd17d9071efc719d556f5369fbaf5443a3e89398579","2021年世帯数分布表","2021","E","1000000","350330","0.35033","295556","0.295556","169354","0.169354","129314","0.129314","55446","0.055446","0.64967","1000000","1"
"2022","https://www.stat.go.jp/data/kakei/2022nn/zuhyou/setai-n.xls","data/source/cti-size-composition/raw/lfs-special-jan/2022-setai-n.xls","6bdb29720ded3ce0e6f49a28fdc004af7b67549726b61aae87dc2c73989910e3","2022年世帯数分布表","2022","E","1000000","358424","0.358424","296454","0.296454","167541","0.167541","124501","0.124501","53080","0.05308","0.6415759999999999","1000000","1"
"2023","https://www.stat.go.jp/data/kakei/2023nn/zuhyou/setai-n.xls","data/source/cti-size-composition/raw/lfs-special-jan/2023-setai-n.xls","64101813896c485c4584f1b4881a75435cddb0bfa3b4321367fa727315894e3b","2023年世帯数分布表","2023","E","1000000","366257","0.366257","298264","0.298264","164305","0.164305","120545","0.120545","50629","0.050629","0.633743","1000000","1"
"2024","https://www.stat.go.jp/data/kakei/2024nn/zuhyou/setai-n.xls","data/source/cti-size-composition/raw/lfs-special-jan/2024-setai-n.xls","ad0c9e8cdc0c3cb04f6d830006ddab7c999840ababd5dd6ada78b6fd9ccb1c46","2024年世帯数分布表","2024","E","1000000","373232","0.373232","297376","0.297376","162142","0.162142","119148","0.119148","48103","0.048103","0.626768","1000001","1.000001"
"2025","https://www.stat.go.jp/data/kakei/2025nn/zuhyou/setai-n.xlsx","data/source/cti-size-composition/raw/lfs-special-jan/2025-setai-n.xlsx","6dac12725446a8cf1e8e8325fd0ce7cec3b0f55f897fc9edeb416503631d4a22","2025年世帯数分布表","2025","E","1000000","381308","0.381308","295811","0.295811","159849","0.159849","117469","0.117469","45564","0.045564","0.618692","1000001","1.0000010000000001"
