年　月,Unnamed: 1,Unnamed: 2,Unnamed: 3,総数,15～64歳,Unnamed: 6,Unnamed: 7,Unnamed: 8,Unnamed: 9,Unnamed: 10,65歳以上,（再掲）,総数.1,15～64歳.1,Unnamed: 15,Unnamed: 16,Unnamed: 17,Unnamed: 18,Unnamed: 19,65歳以上.1,（再掲）.1,総数.2,15～64歳.2,Unnamed: 24,Unnamed: 25,Unnamed: 26,Unnamed: 27,Unnamed: 28,65歳以上.2,（再掲）.2
Year and month ,,,,,,15～24,25～34,35～44,45～54,55～64,,20～69歳,,,15～24,25～34,35～44,45～54,55～64,,20～69歳,,,15～24,25～34,35～44,45～54,55～64,,20～69歳
,,,,Total,years old,,,,,,and over,years old,Total,years old,,,,,,and over,years old,Total,years old,,,,,,and over,years old
,,,,,,,,,,,,,,,,,,,,,,,,,,,,,,
昭和47年,1月,Jan.,,… ,… ,… ,… ,… ,… ,… ,… ,… ,… ,… ,… ,… ,… ,… ,… ,… ,… ,… ,… ,… ,… ,… ,… ,… ,… ,… 
1972,2月,Feb.,,… ,… ,… ,… ,… ,… ,… ,… ,… ,… ,… ,… ,… ,… ,… ,… ,… ,… ,… ,… ,… ,… ,… ,… ,… ,… ,… 
,3月,Mar.,,… ,… ,… ,… ,… ,… ,… ,… ,… ,… ,… ,… ,… ,… ,… ,… ,… ,… ,… ,… ,… ,… ,… ,… ,… ,… ,… 
,4月,Apr.,,… ,… ,… ,… ,… ,… ,… ,… ,… ,… ,… ,… ,… ,… ,… ,… ,… ,… ,… ,… ,… ,… ,… ,… ,… ,… ,… 
,5月,May,,… ,… ,… ,… ,… ,… ,… ,… ,… ,… ,… ,… ,… ,… ,… ,… ,… ,… ,… ,… ,… ,… ,… ,… ,… ,… ,… 
,6月,June,,… ,… ,… ,… ,… ,… ,… ,… ,… ,… ,… ,… ,… ,… ,… ,… ,… ,… ,… ,… ,… ,… ,… ,… ,… ,… ,… 
※注_Notes,7月,July,,8136,7346,1938,1777,1612,1167,853,790,6816,3952,3607,979,887,811,537,391,345,3326,4184,3740,959,889,800,629,462,444,3490
,8月,Aug.,,8148,7356,1931,1786,1616,1170,855,792,6831,3957,3611,976,891,808,544,391,346,3329,4191,3745,955,893,807,626,463,446,3501
,9月,Sept.,,8154,7359,1921,1791,1627,1165,855,795,6834,3960,3612,972,895,807,548,391,348,3330,4194,3746,951,897,820,618,464,448,3501
,10月,Oct.,,8165,7371,1919,1796,1646,1152,859,794,6835,3954,3608,963,895,812,543,392,346,3323,4211,3764,956,901,833,609,466,447,3512
,11月,Nov.,,8174,7377,1912,1802,1643,1162,859,797,6854,3957,3609,960,899,817,544,392,348,3332,4215,3766,952,903,825,619,467,449,3519
,12月,Dec.,,8177,7380,1906,1804,1622,1190,859,797,6863,3959,3612,957,900,809,553,392,347,3339,4217,3768,949,905,811,637,467,449,3523
昭和48年,1月,Jan.,,8192,7389,1897,1811,1625,1197,861,803,6885,3969,3619,953,904,813,555,393,350,3347,4224,3772,944,908,810,642,468,452,3539
1973,2月,Feb.,,8201,7395,1887,1817,1631,1198,862,806,6884,3972,3621,948,907,819,553,393,351,3346,4229,3775,939,911,810,645,469,454,3538
,3月,Mar.,,8210,7400,1879,1825,1635,1199,864,810,6882,3977,3624,944,911,821,553,393,353,3346,4233,3777,935,914,813,645,471,456,3537
,4月,Apr.,,8218,7407,1873,1831,1633,1207,865,811,6899,3981,3628,941,914,821,557,393,353,3352,4237,3780,932,917,810,650,471,457,3546
,5月,May,,8228,7415,1867,1838,1636,1208,866,813,6906,3986,3631,937,917,822,561,394,355,3360,4243,3784,928,921,815,648,472,459,3548
,6月,June,,8235,7421,1862,1844,1657,1190,867,814,6918,3989,3634,935,921,833,552,394,355,3364,4246,3786,925,924,825,639,472,460,3555
,7月,July,,8241,7424,1854,1852,1656,1195,867,817,6926,3993,3637,931,923,832,556,395,356,3367,4248,3787,922,927,825,640,472,461,3560
,8月,Aug.,,8251,7432,1850,1860,1643,1212,868,819,6936,3999,3642,929,929,824,566,395,357,3374,4252,3790,919,930,821,647,473,462,3564
,9月,Sept.,,8260,7439,1844,1867,1641,1217,869,821,6942,4003,3645,926,933,823,569,395,358,3378,4256,3793,916,934,820,649,474,463,3564
,10月,Oct.,,8269,7445,1837,1874,1641,1222,869,824,6943,4008,3649,923,936,823,571,395,359,3378,4261,3796,913,938,820,651,474,465,3566
,11月,Nov.,,8277,7451,1830,1882,1641,1228,869,826,6960,4013,3653,920,939,822,574,395,360,3387,4265,3799,908,942,820,653,474,466,3575
,12月,Dec.,,8282,7455,1827,1888,1640,1231,869,827,6966,4015,3655,918,943,822,576,395,360,3386,4267,3800,907,945,819,654,475,467,3581
昭和49年,1月,Jan.,,8297,7464,1816,1898,1643,1238,870,833,6976,4023,3661,913,949,823,581,395,362,3394,4274,3804,901,950,821,658,476,470,3585
1974,2月,Feb.,,8305,7468,1808,1903,1643,1243,870,837,6988,4027,3663,909,952,823,583,395,364,3404,4279,3807,897,953,820,661,477,472,3587
,3月,Mar.,,8313,7471,1800,1911,1640,1249,872,842,6988,4031,3665,905,954,822,587,395,366,3404,4282,3807,893,955,819,663,477,475,3585
,4月,Apr.,,8323,7480,1795,1918,1642,1252,872,843,6996,4036,3670,903,959,821,589,394,366,3408,4287,3811,891,960,819,664,478,476,3588
,5月,May,,8333,7489,1791,1927,1642,1258,872,844,7002,4041,3675,901,964,822,591,394,366,3411,4291,3814,888,964,820,666,478,477,3592
,6月,June,,8339,7494,1783,1934,1642,1261,872,845,7011,4044,3677,898,967,822,594,394,367,3411,4295,3817,885,968,819,668,478,478,3600
,7月,July,,8343,7496,1774,1941,1642,1265,873,847,7020,4047,3680,894,972,823,596,394,367,3419,4296,3817,880,971,820,669,478,479,3601
,8月,Aug.,,8353,7504,1770,1949,1643,1269,873,849,7019,4052,3684,891,974,823,598,394,368,3422,4301,3821,877,975,820,671,479,480,3600
,9月,Sept.,,8362,7510,1762,1956,1645,1272,873,852,7028,4055,3686,888,979,824,601,394,369,3422,4306,3824,874,977,821,672,479,482,3604
,10月,Oct.,,8369,7514,1755,1963,1646,1276,875,855,7039,4060,3690,884,981,824,603,395,370,3430,4309,3826,870,981,822,674,480,483,3610
,11月,Nov.,,8378,7520,1749,1968,1648,1279,877,858,7047,4065,3693,882,983,825,605,395,372,3436,4314,3829,866,984,822,674,482,485,3614
,12月,Dec.,,8382,7524,1742,1974,1648,1281,879,858,7053,4066,3694,878,987,826,607,395,372,3436,4315,3829,863,986,822,676,482,486,3616
昭和50年,1月,Jan.,,8397,7533,1736,1977,1652,1287,882,864,7069,4075,3701,876,990,827,610,396,374,3444,4322,3833,860,987,825,677,485,489,3626
1975,2月,Feb.,,8405,7538,1729,1980,1653,1291,884,867,7082,4079,3704,872,991,828,613,397,375,3453,4326,3835,857,988,826,678,486,491,3628
,3月,Mar.,,8414,7541,1725,1983,1652,1294,887,873,7087,4083,3705,870,993,828,616,399,378,3458,4331,3837,853,989,825,679,488,494,3630
,4月,Apr.,,8422,7547,1723,1985,1655,1297,888,875,7090,4087,3708,870,993,829,618,399,379,3460,4335,3840,851,991,826,680,489,495,3631
,5月,May,,8432,7556,1719,1989,1657,1300,889,876,7098,4093,3714,867,996,830,619,399,379,3462,4339,3843,850,994,828,682,491,496,3638
,6月,June,,8440,7562,1716,1992,1660,1303,891,878,7104,4097,3717,866,997,831,621,400,380,3465,4343,3846,848,995,828,683,492,497,3640
,7月,July,,8445,7565,1709,1996,1661,1306,892,880,7108,4099,3718,862,1000,833,624,400,381,3470,4345,3846,845,996,829,684,493,499,3639
,8月,Aug.,,8455,7573,1705,2000,1664,1310,894,882,7113,4106,3724,860,1001,833,626,401,382,3474,4350,3850,843,999,830,686,494,500,3641
,9月,Sept.,,8466,7581,1702,2004,1665,1314,896,885,7125,4110,3727,859,1003,834,629,401,383,3477,4355,3853,841,999,831,687,495,502,3647
,10月,Oct.,,8474,7585,1697,2005,1667,1318,898,889,7131,4115,3731,857,1004,835,631,401,384,3480,4359,3855,838,1001,832,688,496,504,3652
,11月,Nov.,,8482,7590,1692,2009,1668,1323,899,892,7144,4119,3734,854,1007,835,634,402,385,3488,4363,3858,836,1002,833,690,497,505,3656
,12月,Dec.,,8485,7592,1688,2011,1670,1326,899,893,7152,4120,3735,853,1008,836,636,402,385,3491,4365,3859,833,1002,833,691,498,506,3662
昭和51年,1月,Jan.,,8500,7602,1680,2013,1673,1334,901,898,7161,4128,3740,850,1009,838,640,402,388,3496,4372,3862,830,1004,836,694,499,510,3665
1976,2月,Feb.,,8505,7603,1674,2012,1676,1339,902,902,7164,4130,3741,847,1010,839,643,402,389,3498,4375,3863,827,1003,837,696,500,512,3667
,3月,Mar.,,8514,7606,1670,2012,1676,1344,905,908,7170,4134,3742,845,1009,839,646,403,392,3501,4379,3863,825,1003,836,698,502,516,3669
,4月,Apr.,,8521,7612,1668,2014,1678,1347,905,909,7177,4137,3745,844,1010,840,649,403,392,3503,4384,3867,824,1004,838,700,502,517,3673
,5月,May,,8531,7620,1666,2015,1681,1352,906,911,7186,4144,3751,843,1011,842,652,403,393,3510,4388,3870,822,1004,839,700,503,518,3678
,6月,June,,8537,7625,1663,2015,1683,1356,907,912,7192,4146,3752,842,1011,843,654,403,394,3511,4391,3872,821,1004,840,702,504,519,3680
,7月,July,,8539,7625,1657,2015,1686,1359,908,914,7194,4147,3753,839,1010,844,655,403,394,3513,4392,3872,819,1005,842,704,504,520,3681
,8月,Aug.,,8552,7635,1657,2015,1691,1364,909,917,7204,4154,3759,839,1011,847,658,404,395,3518,4398,3876,818,1004,844,705,505,522,3686
,9月,Sept.,,8560,7640,1655,2014,1693,1368,910,920,7211,4157,3760,838,1010,848,661,404,397,3521,4402,3879,817,1004,845,707,506,523,3689
,10月,Oct.,,8567,7644,1652,2012,1696,1371,911,923,7216,4161,3763,837,1009,850,663,404,398,3524,4406,3881,816,1003,848,708,507,525,3692
,11月,Nov.,,8574,7648,1650,2010,1701,1374,912,926,7221,4164,3765,836,1008,851,665,405,399,3526,4410,3883,814,1002,850,709,508,527,3695
,12月,Dec.,,8576,7649,1647,2010,1704,1377,913,927,7221,4165,3766,834,1008,853,667,404,399,3527,4411,3883,813,1002,851,709,508,528,3695
昭和52年,1月,Jan.,,8590,7657,1642,2008,1709,1382,915,933,7232,4172,3770,832,1007,856,670,405,402,3532,4418,3887,810,1001,854,712,510,531,3700
1977,2月,Feb.,,8597,7660,1637,2007,1712,1387,917,937,7235,4175,3772,829,1007,857,674,406,403,3534,4422,3888,808,1000,855,713,511,534,3702
,3月,Mar.,,8605,7662,1634,2005,1710,1393,919,943,7239,4180,3775,829,1006,856,678,407,405,3536,4425,3887,806,999,855,715,513,538,3702
,4月,Apr.,,8611,7666,1632,2006,1711,1397,920,945,7243,4182,3776,827,1006,856,679,406,406,3537,4429,3890,805,1000,855,716,514,539,3705
,5月,May,,8622,7675,1631,2007,1714,1402,921,947,7252,4189,3782,826,1007,858,683,407,407,3544,4434,3894,803,1000,856,718,514,540,3710
,6月,June,,8628,7680,1629,2008,1716,1406,922,948,7257,4192,3785,826,1007,859,686,407,407,3546,4437,3896,802,1000,857,720,515,541,3712
,7月,July,,8631,7681,1624,2007,1718,1410,923,950,7258,4193,3785,824,1006,860,688,407,408,3546,4438,3896,800,1000,859,721,516,542,3712
,8月,Aug.,,8643,7690,1625,2007,1721,1414,924,953,7266,4199,3790,823,1006,860,691,408,409,3551,4444,3900,800,1001,860,723,517,544,3716
,9月,Sept.,,8650,7694,1623,2006,1722,1418,925,956,7270,4202,3792,823,1006,862,693,408,410,3552,4448,3902,800,1001,861,725,517,546,3718
,10月,Oct.,,8659,7700,1621,2006,1723,1423,927,959,7276,4206,3795,823,1006,862,696,409,411,3554,4453,3905,798,1000,861,727,519,548,3721
,11月,Nov.,,8666,7704,1620,2005,1723,1428,929,962,7279,4210,3797,822,1006,861,700,409,413,3557,4456,3907,798,1000,861,729,520,549,3722
,12月,Dec.,,8668,7705,1617,2004,1724,1431,930,963,7281,4211,3798,822,1004,862,701,409,413,3557,4457,3907,797,999,861,729,520,550,3723
昭和53年,1月,Jan.,,8683,7714,1615,2004,1724,1438,933,969,7297,4218,3803,820,1005,862,705,411,415,3563,4465,3911,796,999,862,732,522,554,3734
1978,2月,Feb.,,8690,7717,1612,2002,1726,1442,935,973,7298,4222,3805,819,1004,863,708,411,417,3559,4469,3913,794,998,862,734,524,556,3739
,3月,Mar.,,8698,7719,1610,2000,1725,1446,938,979,7308,4226,3807,818,1003,863,711,412,419,3564,4472,3912,793,997,863,735,525,560,3743
,4月,Apr.,,8705,7724,1610,1998,1728,1449,939,981,7309,4228,3808,818,1002,864,712,413,420,3568,4477,3916,792,996,864,737,526,561,3741
,5月,May,,8717,7734,1610,1999,1730,1454,941,983,7322,4236,3816,817,1003,866,715,413,420,3580,4482,3919,793,997,865,738,527,563,3744
,6月,June,,8724,7740,1609,2000,1733,1456,942,984,7332,4239,3818,818,1003,867,718,414,421,3581,4485,3922,792,997,866,740,528,563,3749
,7月,July,,8727,7741,1606,1998,1734,1459,943,986,7320,4240,3818,816,1003,867,719,414,422,3574,4486,3921,790,996,866,741,529,565,3745
,8月,Aug.,,8739,7750,1607,1997,1739,1463,944,989,7333,4246,3823,816,1002,869,721,415,423,3583,4493,3927,791,996,869,742,530,566,3749
,9月,Sept.,,8746,7754,1607,1994,1742,1465,946,992,7338,4249,3825,817,1000,871,723,415,424,3586,4497,3929,790,994,871,743,531,568,3752
,10月,Oct.,,8755,7760,1607,1990,1745,1469,948,995,7347,4253,3828,816,998,872,725,416,425,3587,4501,3931,790,993,873,744,532,570,3759
,11月,Nov.,,8763,7764,1607,1987,1747,1472,950,999,7352,4257,3831,817,997,873,727,417,426,3590,4505,3933,790,990,873,746,533,572,3761
,12月,Dec.,,8764,7764,1606,1985,1748,1475,951,1000,7351,4258,3831,816,995,873,728,418,427,3592,4506,3933,790,990,874,746,534,573,3759
昭和54年,1月,Jan.,,8778,7772,1604,1982,1751,1479,955,1006,7360,4265,3836,815,994,876,731,420,429,3593,4513,3936,788,988,876,749,535,577,3767
1979,2月,Feb.,,8784,7774,1601,1978,1755,1483,958,1010,7365,4268,3837,814,992,877,733,421,431,3594,4517,3937,787,986,878,750,537,580,3772
,3月,Mar.,,8795,7778,1600,1975,1756,1485,961,1017,7372,4274,3841,814,991,878,735,423,433,3603,4522,3938,787,984,878,750,539,584,3769
,4月,Apr.,,8802,7783,1602,1970,1759,1488,963,1019,7382,4276,3842,815,989,879,737,423,434,3606,4526,3941,787,982,881,752,539,585,3776
,5月,May,,8814,7793,1604,1969,1762,1493,965,1021,7391,4283,3848,816,988,881,738,424,435,3611,4531,3945,788,981,881,753,540,586,3781
,6月,June,,8820,7797,1605,1968,1764,1494,966,1023,7384,4286,3851,817,987,881,740,425,435,3612,4534,3947,788,980,883,754,541,587,3772
,7月,July,,8825,7800,1603,1966,1766,1497,967,1025,7390,4288,3852,815,987,882,741,426,436,3614,4536,3948,787,980,884,756,542,588,3776
,8月,Aug.,,8838,7811,1605,1967,1768,1500,970,1027,7398,4295,3858,817,987,883,744,427,437,3619,4543,3953,789,980,885,757,543,590,3779
,9月,Sept.,,8846,7815,1606,1966,1769,1502,972,1031,7404,4299,3860,817,986,884,745,428,439,3620,4548,3956,789,979,886,758,544,592,3785
,10月,Oct.,,8856,7822,1607,1964,1772,1505,975,1034,7407,4303,3863,818,986,885,745,429,440,3620,4552,3958,789,979,886,758,545,594,3785
,11月,Nov.,,8863,7826,1607,1964,1771,1506,978,1037,7411,4307,3866,818,986,885,747,431,441,3626,4556,3960,789,979,887,760,547,596,3784
,12月,Dec.,,8869,7831,1608,1965,1771,1507,980,1038,7418,4310,3869,819,986,884,748,432,441,3631,4559,3962,790,979,886,760,548,597,3786
昭和55年,1月,Jan.,,8884,7840,1606,1971,1765,1513,985,1044,7429,4317,3874,818,989,881,750,435,443,3637,4566,3966,789,982,883,762,550,601,3791
1980,2月,Feb.,,8890,7841,1604,1969,1763,1516,989,1049,7439,4320,3875,817,988,881,752,437,445,3641,4570,3967,788,981,882,763,552,604,3798
,3月,Mar.,,8900,7845,1606,1968,1759,1517,994,1055,7440,4325,3877,818,988,879,753,440,448,3643,4575,3968,788,980,881,764,555,607,3797
,4月,Apr.,,8907,7851,1608,1968,1760,1520,996,1056,7437,4327,3880,819,988,879,755,440,448,3640,4579,3971,789,980,881,765,556,608,3796
,5月,May,,8919,7862,1609,1969,1761,1524,999,1057,7448,4335,3887,819,988,880,757,442,448,3648,4584,3975,789,980,881,767,557,609,3801
,6月,June,,8928,7870,1611,1971,1761,1526,1001,1057,7455,4340,3892,821,990,880,758,443,448,3651,4588,3979,790,981,881,768,558,609,3804
,7月,July,,8930,7871,1610,1972,1758,1528,1003,1059,7453,4341,3892,820,990,878,759,444,449,3647,4590,3979,790,982,880,769,559,611,3807
,8月,Aug.,,8946,7884,1615,1974,1758,1531,1007,1062,7464,4349,3899,822,991,878,761,446,450,3654,4598,3986,792,983,880,770,561,612,3811
,9月,Sept.,,8957,7892,1618,1975,1755,1535,1010,1065,7471,4354,3903,824,991,877,763,448,451,3653,4604,3990,794,983,879,772,562,614,3819
,10月,Oct.,,8969,7901,1621,1976,1753,1538,1013,1068,7470,4360,3908,826,992,875,765,450,452,3658,4609,3993,795,984,877,774,563,616,3812
,11月,Nov.,,8977,7906,1622,1978,1746,1543,1016,1071,7469,4364,3911,827,993,872,767,451,453,3666,4613,3995,796,985,874,776,565,618,3802
,12月,Dec.,,8978,7906,1623,1979,1742,1543,1019,1072,7474,4364,3910,827,994,870,768,453,453,3667,4614,3995,796,985,872,775,566,619,3807
昭和56年,1月,Jan.,,8991,7913,1619,1986,1733,1550,1024,1078,7495,4371,3915,825,998,866,771,456,456,3672,4620,3998,794,989,868,779,568,622,3823
1981,2月,Feb.,,8992,7910,1614,1988,1728,1552,1028,1082,7498,4371,3914,823,998,863,772,458,457,3670,4622,3996,792,990,865,780,570,625,3828
,3月,Mar.,,8998,7910,1611,1991,1722,1553,1033,1088,7498,4374,3915,821,1000,860,773,461,459,3666,4624,3995,790,991,862,780,572,629,3832
,4月,Apr.,,9002,7912,1609,1994,1719,1555,1036,1090,7507,4376,3916,820,1001,858,774,462,460,3675,4626,3996,789,992,860,781,574,630,3832
,5月,May,,9010,7918,1607,1996,1717,1557,1041,1091,7515,4380,3919,819,1003,858,775,465,460,3683,4630,3999,788,994,860,782,576,631,3832
,6月,June,,9015,7922,1605,1997,1718,1558,1044,1093,7521,4383,3922,818,1003,858,776,467,461,3685,4632,4000,787,994,860,782,577,632,3835
,7月,July,,9015,7920,1601,1994,1719,1560,1046,1095,7513,4383,3921,817,1002,859,777,468,462,3683,4632,3999,784,992,860,783,578,634,3831
,8月,Aug.,,9026,7928,1602,1992,1722,1562,1049,1098,7527,4388,3925,817,1001,860,778,470,463,3687,4638,4002,785,992,862,784,580,635,3840
,9月,Sept.,,9032,7931,1601,1988,1726,1564,1052,1101,7536,4391,3927,817,999,862,779,471,464,3693,4641,4004,784,990,864,785,581,637,3843
,10月,Oct.,,9037,7933,1599,1983,1729,1565,1056,1104,7536,4393,3928,816,996,864,779,473,465,3695,4644,4005,783,987,866,786,583,639,3841
,11月,Nov.,,9044,7938,1598,1979,1733,1566,1060,1106,7542,4397,3931,815,994,866,780,476,466,3699,4647,4007,783,985,868,787,584,641,3842
,12月,Dec.,,9043,7936,1599,1974,1735,1566,1063,1107,7537,4396,3931,816,991,867,780,477,466,3698,4647,4005,783,983,868,786,585,641,3839
昭和57年,1月,Jan.,,9062,7949,1602,1967,1740,1571,1069,1113,7545,4405,3938,817,988,869,782,481,468,3698,4657,4012,784,979,871,789,588,645,3847
1982,2月,Feb.,,9073,7956,1604,1961,1744,1574,1074,1117,7542,4411,3942,818,985,871,784,484,469,3693,4662,4014,785,976,872,790,590,648,3849
,3月,Mar.,,9084,7961,1609,1952,1745,1575,1079,1123,7540,4417,3945,821,980,872,784,487,471,3693,4667,4016,788,972,873,791,593,651,3847
,4月,Apr.,,9090,7966,1609,1953,1750,1574,1080,1124,7549,4415,3944,819,982,875,782,486,471,3698,4675,4022,789,971,876,792,594,653,3852
,5月,May,,9103,7977,1613,1948,1756,1576,1084,1126,7568,4422,3951,822,980,878,783,488,471,3705,4681,4027,792,968,878,793,596,654,3862
,6月,June,,9111,7984,1617,1941,1762,1578,1086,1127,7565,4426,3954,824,976,881,784,489,471,3707,4685,4030,793,965,881,794,597,655,3857
,7月,July,,9118,7989,1618,1933,1770,1580,1089,1128,7560,4430,3958,825,972,885,785,491,472,3705,4688,4032,794,960,885,795,598,656,3856
,8月,Aug.,,9133,8002,1624,1924,1778,1582,1093,1131,7585,4437,3964,828,968,889,786,493,473,3712,4696,4038,797,956,889,796,600,658,3873
,9月,Sept.,,9144,8009,1629,1915,1784,1585,1096,1135,7587,4442,3968,830,963,892,788,495,474,3718,4702,4041,799,952,892,797,601,660,3870
,10月,Oct.,,9152,8015,1632,1906,1789,1588,1100,1137,7589,4446,3970,832,958,894,789,497,475,3720,4706,4044,801,947,895,799,603,662,3871
,11月,Nov.,,9161,8021,1635,1898,1793,1592,1104,1140,7595,4451,3974,833,955,896,791,499,476,3718,4710,4047,802,943,896,801,604,664,3878
,12月,Dec.,,9168,8027,1637,1893,1796,1594,1106,1141,7594,4455,3978,834,952,899,792,501,476,3722,4713,4048,803,941,898,802,605,665,3871
昭和58年,1月,Jan.,,9182,8035,1638,1883,1804,1599,1112,1147,7595,4461,3983,835,947,902,794,504,478,3726,4721,4053,803,936,902,804,608,668,3869
1983,2月,Feb.,,9187,8036,1637,1872,1810,1600,1117,1151,7595,4464,3984,834,942,905,795,507,480,3727,4724,4053,802,931,905,805,610,671,3869
,3月,Mar.,,9197,8040,1639,1864,1815,1599,1123,1156,7599,4468,3987,836,937,908,795,511,482,3729,4728,4054,803,926,907,804,612,675,3869
,4月,Apr.,,9205,8048,1642,1857,1821,1601,1127,1157,7604,4472,3990,838,934,911,795,513,482,3732,4733,4058,805,923,910,806,614,675,3873
,5月,May,,9219,8060,1646,1853,1829,1602,1130,1159,7615,4480,3997,839,932,915,796,515,482,3738,4739,4063,806,921,914,806,616,677,3877
,6月,June,,9227,8067,1649,1847,1835,1602,1134,1160,7619,4484,4001,841,929,918,796,517,483,3740,4743,4066,808,918,917,806,617,677,3879
,7月,July,,9233,8071,1649,1841,1843,1601,1138,1162,7622,4488,4004,842,926,922,795,519,483,3742,4746,4067,808,915,920,806,619,679,3879
,8月,Aug.,,9249,8084,1655,1835,1851,1601,1142,1165,7631,4495,4011,844,923,926,795,521,484,3747,4754,4073,810,912,925,806,621,680,3884
,9月,Sept.,,9258,8091,1658,1828,1858,1600,1146,1167,7635,4499,4014,846,919,930,795,524,485,3748,4759,4077,812,909,928,805,623,682,3886
,10月,Oct.,,9268,8098,1660,1822,1865,1599,1151,1170,7641,4504,4018,847,916,933,794,527,486,3751,4764,4080,813,906,932,805,625,684,3889
,11月,Nov.,,9277,8105,1662,1815,1872,1598,1157,1172,7645,4509,4022,848,913,937,794,530,487,3754,4769,4083,814,902,936,804,627,686,3891
,12月,Dec.,,9282,8109,1664,1809,1878,1598,1160,1173,7646,4511,4025,849,910,940,794,531,487,3755,4770,4084,815,899,938,804,629,686,3890
昭和59年,1月,Jan.,,9297,8119,1665,1800,1887,1600,1167,1178,7655,4518,4030,850,905,945,795,536,488,3759,4779,4089,815,894,943,805,632,689,3895
1984,2月,Feb.,,9301,8121,1664,1791,1894,1600,1173,1181,7655,4520,4031,849,901,948,795,538,489,3760,4781,4089,814,890,946,805,634,692,3895
,3月,Mar.,,9313,8127,1667,1783,1901,1597,1179,1186,7660,4527,4036,851,897,952,794,542,491,3764,4786,4091,816,886,949,804,637,695,3895
,4月,Apr.,,9321,8134,1669,1777,1908,1597,1183,1187,7663,4530,4039,853,894,955,793,544,491,3765,4791,4095,817,883,953,804,639,696,3898
,5月,May,,9335,8147,1673,1773,1916,1598,1187,1188,7674,4537,4046,855,892,959,793,546,492,3771,4798,4101,819,881,957,804,640,697,3903
,6月,June,,9344,8155,1677,1767,1923,1598,1190,1189,7680,4542,4051,856,889,963,794,548,492,3774,4802,4104,820,878,960,804,642,698,3905
,7月,July,,9349,8159,1677,1760,1930,1598,1193,1191,7683,4545,4053,857,885,967,793,550,492,3776,4804,4105,820,874,964,804,643,699,3907
,8月,Aug.,,9364,8171,1683,1753,1938,1599,1198,1193,7693,4552,4059,860,882,970,794,553,493,3781,4812,4112,823,871,968,805,645,700,3912
,9月,Sept.,,9374,8179,1686,1746,1945,1600,1201,1195,7699,4557,4063,861,878,974,795,555,494,3785,4817,4115,825,867,971,806,647,702,3915
,10月,Oct.,,9382,8183,1688,1738,1951,1601,1204,1199,7703,4560,4066,863,874,977,795,557,495,3786,4821,4117,826,863,974,806,648,704,3916
,11月,Nov.,,9391,8188,1691,1731,1956,1603,1208,1203,7709,4565,4069,864,871,979,796,559,496,3789,4826,4119,827,860,977,807,649,707,3920
,12月,Dec.,,9395,8191,1693,1723,1962,1603,1210,1205,7711,4568,4071,865,867,982,796,560,496,3792,4827,4119,828,855,979,806,650,708,3919
昭和60年,1月,Jan.,,9413,8200,1696,1718,1964,1607,1215,1212,7723,4576,4077,867,865,984,798,564,499,3797,4837,4123,829,853,981,809,652,713,3925
1985,2月,Feb.,,9416,8199,1694,1711,1967,1609,1218,1217,7723,4577,4077,866,861,985,799,566,501,3797,4839,4122,828,850,982,810,653,716,3924
,3月,Mar.,,9428,8203,1698,1706,1968,1608,1222,1225,7728,4583,4080,868,859,986,799,569,503,3801,4845,4123,830,847,983,810,654,721,3927
,4月,Apr.,,9438,8211,1700,1702,1972,1611,1225,1227,7736,4588,4084,869,857,988,800,570,504,3805,4850,4127,831,845,984,811,655,723,3931
,5月,May,,9452,8223,1705,1700,1976,1613,1228,1229,7747,4595,4091,872,856,989,801,572,505,3810,4857,4132,833,844,986,812,656,725,3936
,6月,June,,9462,8231,1709,1697,1978,1615,1231,1231,7753,4600,4095,874,854,991,802,574,505,3814,4862,4136,835,843,988,813,657,726,3939
,7月,July,,9469,8235,1711,1693,1982,1616,1234,1234,7759,4604,4098,875,852,993,803,576,506,3818,4865,4137,836,840,989,814,658,728,3941
,8月,Aug.,,9482,8245,1716,1688,1986,1618,1237,1237,7768,4610,4103,878,850,995,803,578,507,3822,4872,4142,838,838,991,815,659,730,3946
,9月,Sept.,,9493,8251,1719,1683,1988,1620,1241,1241,7776,4615,4107,880,847,996,804,580,508,3826,4877,4145,840,836,993,816,661,733,3949
,10月,Oct.,,9502,8257,1722,1676,1993,1621,1244,1245,7787,4620,4110,881,844,998,805,582,510,3832,4882,4147,841,832,995,817,662,735,3954
,11月,Nov.,,9512,8264,1725,1671,1998,1622,1248,1248,7798,4625,4114,882,841,1001,805,585,511,3838,4888,4150,843,830,997,817,663,738,3961
,12月,Dec.,,9516,8266,1727,1664,2003,1623,1249,1250,7804,4628,4117,884,838,1004,806,586,511,3842,4888,4149,844,826,999,817,664,739,3961
昭和61年,1月,Jan.,,9532,8275,1729,1656,2008,1625,1256,1257,7813,4635,4121,885,834,1006,807,590,514,3847,4898,4154,845,822,1002,819,666,744,3967
1986,2月,Feb.,,9536,8277,1729,1652,2004,1630,1263,1259,7801,4636,4123,885,832,1004,809,593,514,3840,4900,4154,844,820,1000,821,669,746,3961
,3月,Mar.,,9549,8284,1735,1651,1998,1631,1270,1265,7795,4643,4128,888,832,1001,810,598,515,3839,4906,4156,847,820,997,821,672,750,3957
,4月,Apr.,,9557,8291,1738,1648,1999,1633,1273,1266,7797,4647,4131,889,830,1001,811,600,515,3840,4910,4160,848,818,998,823,673,751,3958
,5月,May,,9574,8306,1743,1648,2001,1636,1277,1268,7807,4655,4140,892,830,1003,812,602,516,3845,4918,4166,851,818,999,824,675,752,3961
,6月,June,,9583,8314,1748,1645,2002,1639,1280,1269,7809,4660,4144,894,829,1003,814,604,516,3847,4923,4170,853,816,999,825,676,753,3963
,7月,July,,9588,8317,1749,1641,2002,1642,1284,1271,7808,4664,4147,896,827,1003,815,606,517,3847,4924,4170,853,814,998,827,677,755,3961
,8月,Aug.,,9603,8329,1755,1638,2002,1646,1288,1274,7813,4671,4153,899,826,1003,817,609,518,3850,4933,4176,857,813,998,829,679,757,3965
,9月,Sept.,,9616,8339,1760,1637,2000,1650,1291,1278,7819,4677,4158,901,825,1003,819,611,519,3852,4939,4180,859,812,998,831,681,759,3966
,10月,Oct.,,9628,8346,1765,1634,1999,1653,1295,1282,7822,4682,4162,903,823,1002,821,613,520,3854,4945,4184,862,811,997,833,682,762,3967
,11月,Nov.,,9638,8352,1769,1631,1998,1658,1298,1286,7826,4688,4166,905,822,1001,823,615,522,3857,4950,4186,863,809,996,835,683,764,3969
,12月,Dec.,,9638,8352,1771,1625,1997,1660,1299,1286,7823,4689,4168,907,820,1001,824,616,521,3856,4949,4184,864,806,995,836,683,765,3966
昭和62年,1月,Jan.,,9664,8361,1774,1626,1995,1663,1304,1302,7833,4697,4170,907,820,1000,825,618,527,3858,4966,4191,868,805,995,838,685,775,3974
1987,2月,Feb.,,9668,8360,1772,1621,1994,1665,1308,1309,7834,4699,4170,906,818,999,826,621,529,3859,4969,4190,866,803,994,839,687,779,3975
,3月,Mar.,,9685,8368,1778,1618,1994,1665,1314,1316,7847,4709,4176,909,817,1000,826,625,532,3868,4976,4192,869,801,994,839,689,784,3979
,4月,Apr.,,9691,8373,1780,1614,1994,1666,1318,1319,7851,4711,4178,910,815,1000,827,627,533,3869,4980,4194,870,800,994,840,691,786,3982
,5月,May,,9704,8383,1786,1613,1994,1668,1322,1321,7862,4717,4184,913,814,1000,827,630,533,3874,4987,4199,873,799,995,841,692,788,3987
,6月,June,,9716,8393,1791,1611,1995,1669,1326,1323,7871,4723,4189,916,813,1000,828,632,534,3879,4993,4203,875,798,995,841,694,789,3991
,7月,July,,9722,8397,1792,1609,1995,1672,1329,1326,7875,4728,4193,917,812,1000,829,634,535,3883,4995,4204,875,796,995,842,695,791,3993
,8月,Aug.,,9737,8409,1800,1607,1995,1674,1333,1329,7885,4734,4199,920,811,1000,830,636,536,3887,5003,4210,879,796,995,844,697,793,3998
,9月,Sept.,,9748,8416,1804,1604,1994,1676,1337,1332,7891,4740,4203,923,810,1000,831,639,537,3891,5008,4213,881,794,994,845,698,795,4000
,10月,Oct.,,9760,8424,1809,1602,1994,1676,1342,1336,7898,4745,4207,925,809,1000,831,641,538,3894,5015,4217,884,793,994,845,701,798,4004
,11月,Nov.,,9773,8433,1813,1601,1994,1677,1347,1340,7908,4751,4212,927,809,1000,831,645,539,3899,5021,4221,886,793,994,845,703,800,4008
,12月,Dec.,,9774,8433,1816,1598,1993,1678,1350,1341,7906,4754,4214,929,807,1000,832,646,540,3901,5021,4219,887,791,993,845,703,801,4006
昭和63年,1月,Jan.,,9795,8446,1819,1597,1993,1679,1357,1349,7920,4763,4220,930,807,1000,833,650,543,3907,5032,4226,889,790,994,846,707,806,4013
1988,2月,Feb.,,9797,8442,1815,1594,1991,1681,1361,1355,7917,4763,4219,929,805,999,834,653,545,3905,5034,4224,886,789,993,847,708,810,4012
,3月,Mar.,,9809,8446,1822,1592,1989,1680,1364,1364,7922,4770,4222,932,804,998,833,655,548,3909,5040,4224,890,788,991,847,709,816,4013
,4月,Apr.,,9820,8454,1825,1590,1989,1683,1367,1366,7931,4775,4226,934,803,998,835,657,548,3914,5045,4228,891,787,991,848,710,817,4017
,5月,May,,9836,8468,1831,1591,1991,1686,1370,1368,7944,4784,4234,937,804,999,836,659,549,3922,5053,4234,894,787,992,849,711,819,4023
,6月,June,,9839,8470,1835,1588,1990,1686,1371,1369,7944,4785,4235,939,803,998,836,660,549,3922,5054,4234,896,785,991,850,712,820,4023
,7月,July,,9848,8476,1834,1587,1990,1690,1375,1372,7953,4791,4241,940,802,999,838,662,550,3927,5056,4235,894,785,991,851,713,821,4025
,8月,Aug.,,9865,8491,1842,1587,1989,1694,1378,1375,7963,4799,4248,943,802,998,841,664,551,3933,5066,4243,899,785,991,854,715,824,4030
,9月,Sept.,,9879,8500,1848,1587,1986,1698,1381,1379,7974,4806,4253,946,802,997,843,666,553,3938,5074,4248,902,785,989,856,716,826,4037
,10月,Oct.,,9889,8505,1852,1587,1982,1701,1384,1384,7979,4810,4255,948,802,994,843,667,555,3941,5079,4250,904,785,988,857,717,829,4038
,11月,Nov.,,9902,8513,1857,1587,1980,1703,1387,1388,7989,4816,4260,950,802,994,845,669,557,3945,5085,4254,906,785,986,859,718,832,4043
,12月,Dec.,,9905,8515,1859,1584,1978,1705,1389,1390,7991,4821,4263,952,802,993,846,670,557,3950,5085,4252,907,782,985,859,719,833,4042
平成元年,1月,Jan.,,9923,8524,1862,1585,1975,1709,1393,1399,8003,4827,4266,953,802,992,847,673,561,3954,5095,4257,909,783,984,861,721,838,4049
1989,2月,Feb.,,9922,8517,1856,1581,1971,1712,1396,1405,7999,4827,4263,951,800,990,849,674,564,3953,5095,4253,905,781,982,863,722,842,4046
,3月,Mar.,,9936,8523,1863,1580,1968,1714,1399,1413,8009,4835,4269,954,799,989,851,676,567,3960,5101,4255,909,780,979,863,723,846,4050
,4月,Apr.,,9940,8525,1865,1578,1964,1716,1401,1415,8012,4837,4269,956,799,986,851,677,567,3961,5104,4256,910,780,978,865,724,848,4052
,5月,May,,9961,8544,1870,1584,1963,1721,1406,1418,8031,4847,4279,958,802,986,854,680,568,3971,5114,4265,912,782,977,867,726,849,4060
,6月,June,,9971,8551,1874,1584,1963,1722,1408,1419,8039,4852,4283,960,802,986,855,681,569,3975,5118,4268,914,782,977,868,727,850,4062
,7月,July,,9973,8550,1871,1585,1961,1723,1411,1422,8041,4855,4285,959,802,985,855,682,570,3978,5118,4266,911,782,976,868,728,852,4063
,8月,Aug.,,9991,8564,1878,1585,1961,1726,1414,1427,8052,4862,4290,962,803,985,856,684,572,3982,5129,4274,916,783,976,870,729,855,4070
,9月,Sept.,,10005,8575,1884,1587,1961,1728,1416,1431,8062,4869,4295,965,803,985,857,685,574,3988,5136,4279,919,783,976,871,731,857,4075
,10月,Oct.,,10016,8580,1887,1586,1960,1729,1418,1436,8067,4874,4298,966,803,984,858,686,576,3990,5142,4282,920,783,975,872,731,860,4077
,11月,Nov.,,10028,8587,1889,1588,1960,1730,1420,1441,8075,4880,4302,968,804,985,858,688,578,3994,5148,4285,922,784,975,872,732,863,4080
,12月,Dec.,,10026,8583,1889,1585,1960,1729,1420,1443,8073,4881,4302,968,803,985,858,688,579,3995,5145,4281,921,782,975,871,732,864,4076
平成 2年,1月,Jan.,,10042,8589,1890,1585,1966,1723,1425,1453,8082,4887,4304,968,803,988,855,691,583,4000,5155,4285,922,782,978,868,735,870,4082
1990,2月,Feb.,,10044,8585,1883,1585,1965,1722,1430,1460,8078,4888,4302,965,802,987,854,693,586,3999,5156,4282,918,783,978,868,737,874,4080
,3月,Mar.,,10058,8589,1888,1586,1964,1719,1432,1468,8088,4896,4307,968,803,988,853,695,590,4005,5161,4283,920,783,976,866,737,879,4081
,4月,Apr.,,10060,8589,1890,1584,1963,1718,1434,1471,8089,4896,4305,969,802,987,852,695,591,4005,5164,4284,921,782,976,866,739,880,4083
,5月,May,,10080,8606,1894,1590,1965,1720,1437,1474,8107,4906,4314,970,805,988,853,697,592,4016,5174,4292,923,784,977,867,740,882,4091
,6月,June,,10086,8609,1895,1590,1966,1719,1438,1477,8112,4908,4315,971,806,988,853,698,593,4016,5177,4294,924,785,978,866,741,883,4093
,7月,July,,10086,8606,1889,1591,1967,1718,1441,1480,8114,4911,4316,969,806,989,852,699,595,4021,5175,4289,920,785,978,866,741,886,4093
,8月,Aug.,,10103,8618,1894,1594,1969,1718,1444,1485,8125,4918,4321,971,808,990,852,701,597,4026,5185,4297,923,786,979,865,743,888,4099
,9月,Sept.,,10118,8627,1897,1598,1970,1715,1447,1491,8135,4925,4325,972,809,990,851,702,599,4032,5193,4302,925,788,980,865,744,891,4103
,10月,Oct.,,10126,8630,1896,1600,1971,1712,1450,1496,8140,4928,4327,972,811,991,849,704,602,4034,5197,4303,924,789,980,863,746,894,4106
,11月,Nov.,,10136,8635,1896,1603,1975,1707,1454,1501,8149,4933,4329,972,812,993,847,706,604,4038,5202,4305,925,791,982,860,748,897,4110
,12月,Dec.,,10135,8631,1896,1601,1975,1703,1455,1504,8148,4935,4330,972,812,994,845,707,605,4041,5200,4301,924,789,982,858,748,899,4107
平成 3年,1月,Jan.,,10150,8637,1900,1599,1982,1694,1461,1513,8159,4941,4332,974,811,997,841,710,609,4046,5208,4305,926,789,985,854,751,904,4112
1991,2月,Feb.,,10148,8628,1896,1595,1984,1689,1464,1520,8154,4940,4327,973,808,997,838,712,612,4044,5208,4300,923,787,986,851,753,908,4110
,3月,Mar.,,10169,8638,1907,1594,1988,1684,1466,1531,8171,4951,4334,978,808,1000,836,713,617,4054,5218,4305,930,786,988,848,753,913,4117
,4月,Apr.,,10179,8644,1918,1589,1990,1680,1467,1535,8179,4955,4336,982,806,1001,833,713,619,4058,5224,4308,936,783,989,846,754,916,4121
,5月,May,,10193,8654,1921,1590,1994,1680,1469,1539,8191,4962,4341,984,806,1003,834,714,621,4065,5231,4313,937,784,991,846,755,918,4127
,6月,June,,10199,8657,1924,1588,1994,1681,1470,1542,8199,4966,4343,986,805,1003,834,715,622,4069,5234,4314,938,783,991,847,755,920,4130
,7月,July,,10196,8650,1922,1586,1990,1681,1472,1546,8200,4966,4342,986,804,1001,834,716,624,4072,5231,4309,935,781,989,847,756,922,4130
,8月,Aug.,,10210,8660,1930,1585,1988,1683,1474,1550,8210,4972,4346,990,804,1000,835,717,626,4076,5239,4314,940,781,988,848,757,924,4134
,9月,Sept.,,10226,8671,1937,1584,1985,1688,1476,1555,8224,4979,4351,993,804,998,838,718,628,4083,5247,4320,944,780,987,850,758,927,4140
,10月,Oct.,,10235,8674,1940,1583,1981,1692,1478,1561,8231,4983,4352,995,803,996,840,718,631,4087,5252,4321,945,780,985,852,759,930,4144
,11月,Nov.,,10241,8674,1942,1582,1976,1695,1478,1567,8236,4986,4352,996,803,994,841,719,634,4090,5255,4322,947,779,982,854,759,933,4146
,12月,Dec.,,10236,8666,1942,1579,1971,1697,1478,1570,8231,4986,4351,996,802,992,843,718,635,4091,5251,4316,946,777,979,854,759,935,4141
平成 4年,1月,Jan.,,10249,8665,1932,1576,1966,1703,1487,1584,8237,4986,4344,988,797,989,846,723,642,4089,5263,4321,944,779,977,857,764,942,4150
1992,2月,Feb.,,10250,8659,1926,1578,1959,1706,1489,1591,8238,4985,4340,984,798,985,848,725,645,4087,5265,4318,941,780,974,858,765,947,4150
,3月,Mar.,,10256,8655,1923,1583,1951,1708,1491,1601,8240,4989,4340,984,801,981,849,725,649,4091,5267,4315,939,782,970,859,765,952,4150
,4月,Apr.,,10249,8646,1917,1582,1944,1711,1492,1604,8234,4985,4335,982,800,977,850,726,650,4088,5264,4310,935,782,967,861,766,954,4146
,5月,May,,10267,8660,1921,1589,1939,1716,1494,1607,8253,4994,4342,983,804,975,853,727,652,4098,5273,4318,938,785,964,863,767,955,4155
,6月,June,,10283,8672,1924,1594,1934,1724,1497,1611,8268,5001,4348,984,806,973,857,728,653,4104,5281,4324,940,788,962,867,768,957,4163
,7月,July,,10281,8666,1916,1596,1925,1731,1498,1614,8271,5003,4348,982,808,968,861,729,655,4109,5278,4318,934,788,956,870,769,959,4162
,8月,Aug.,,10295,8675,1919,1600,1917,1739,1501,1619,8282,5008,4351,982,810,964,865,730,657,4113,5286,4324,936,790,953,874,770,962,4168
,9月,Sept.,,10307,8683,1922,1604,1908,1745,1503,1625,8293,5013,4354,984,812,959,868,732,660,4118,5294,4329,938,793,949,877,772,965,4174
,10月,Oct.,,10317,8687,1922,1608,1899,1751,1507,1630,8301,5018,4355,983,814,955,870,733,662,4123,5299,4331,938,795,944,880,774,968,4178
,11月,Nov.,,10326,8690,1921,1612,1893,1754,1510,1635,8311,5022,4358,983,815,952,872,735,665,4128,5303,4333,938,796,941,882,775,970,4182
,12月,Dec.,,10314,8677,1919,1607,1884,1756,1511,1637,8301,5018,4353,983,814,948,873,735,665,4125,5296,4324,936,794,936,882,776,972,4175
平成 5年,1月,Jan.,,10333,8686,1917,1612,1875,1765,1517,1647,8316,5026,4356,982,815,943,878,738,670,4133,5307,4330,935,796,932,887,779,977,4183
1993,2月,Feb.,,10335,8680,1909,1614,1867,1772,1519,1654,8317,5027,4354,978,816,939,882,739,673,4135,5308,4327,930,798,928,891,780,981,4183
,3月,Mar.,,10347,8683,1913,1616,1858,1777,1518,1664,8326,5034,4356,980,818,935,885,739,678,4141,5313,4326,933,798,923,892,779,986,4185
,4月,Apr.,,10353,8685,1914,1616,1852,1783,1519,1668,8332,5035,4356,980,818,931,887,739,679,4142,5318,4329,934,798,921,896,780,989,4190
,5月,May,,10361,8690,1914,1621,1847,1790,1519,1671,8342,5039,4358,980,820,929,891,739,680,4148,5322,4332,934,801,918,899,780,990,4194
,6月,June,,10364,8691,1914,1621,1841,1796,1519,1674,8346,5040,4359,980,821,926,894,739,682,4150,5324,4332,934,801,915,902,780,992,4196
,7月,July,,10370,8691,1907,1626,1835,1804,1520,1679,8358,5045,4361,977,823,923,898,739,684,4157,5325,4330,929,803,912,906,780,995,4200
,8月,Aug.,,10382,8698,1908,1630,1829,1812,1519,1684,8366,5050,4363,977,825,920,902,739,687,4161,5332,4335,931,805,909,910,780,997,4205
,9月,Sept.,,10393,8703,1910,1633,1823,1819,1518,1690,8376,5054,4365,978,826,917,906,738,689,4166,5339,4338,932,806,906,914,780,1001,4210
,10月,Oct.,,10396,8699,1909,1633,1816,1825,1517,1696,8378,5054,4362,977,826,913,908,738,692,4165,5342,4337,931,807,903,917,779,1004,4212
,11月,Nov.,,10407,8704,1908,1636,1810,1834,1517,1703,8388,5061,4365,977,828,910,913,738,695,4173,5346,4339,931,808,900,921,779,1007,4215
,12月,Dec.,,10404,8698,1906,1635,1804,1838,1515,1706,8386,5062,4365,976,828,908,916,737,697,4174,5342,4333,929,807,896,923,778,1009,4212
平成 6年,1月,Jan.,,10415,8699,1902,1638,1794,1848,1517,1716,8393,5065,4363,974,829,902,920,738,701,4176,5350,4336,927,809,892,928,779,1015,4217
1994,2月,Feb.,,10413,8690,1892,1639,1787,1855,1518,1723,8390,5064,4360,970,830,898,923,738,704,4175,5349,4330,922,809,888,931,780,1019,4214
,3月,Mar.,,10424,8691,1895,1641,1778,1861,1516,1733,8398,5069,4360,971,831,894,927,737,709,4179,5355,4331,924,810,884,934,778,1024,4219
,4月,Apr.,,10421,8684,1893,1639,1771,1866,1515,1737,8395,5066,4355,970,830,890,929,736,711,4178,5355,4329,923,809,881,937,778,1027,4218
,5月,May,,10438,8697,1892,1646,1767,1876,1515,1741,8413,5075,4363,969,833,889,934,737,713,4187,5363,4334,923,813,879,942,778,1029,4226
,6月,June,,10442,8698,1892,1648,1761,1882,1514,1744,8418,5077,4363,969,835,886,937,736,714,4189,5365,4335,923,814,876,945,778,1030,4228
,7月,July,,10440,8691,1883,1651,1753,1889,1515,1749,8421,5077,4361,966,836,882,941,737,716,4192,5363,4330,917,815,871,949,778,1033,4230
,8月,Aug.,,10453,8699,1884,1655,1747,1897,1516,1754,8431,5082,4364,966,838,878,945,737,718,4196,5371,4335,918,817,869,953,779,1036,4235
,9月,Sept.,,10465,8706,1885,1658,1740,1904,1518,1759,8442,5088,4367,966,839,875,948,738,721,4202,5377,4338,919,818,865,956,780,1039,4239
,10月,Oct.,,10470,8705,1884,1660,1732,1910,1519,1765,8445,5089,4366,966,841,871,950,738,723,4202,5381,4339,918,820,861,959,780,1042,4243
,11月,Nov.,,10475,8705,1883,1662,1725,1914,1520,1770,8449,5091,4365,965,842,867,953,739,726,4204,5384,4339,918,821,858,962,781,1044,4244
,12月,Dec.,,10472,8699,1880,1662,1717,1920,1520,1773,8446,5092,4365,964,842,864,956,739,727,4206,5380,4333,916,820,853,964,780,1046,4240
平成 7年,1月,Jan.,,10487,8704,1876,1668,1712,1923,1524,1784,8455,5097,4365,962,845,861,957,741,732,4208,5390,4338,915,823,851,966,783,1052,4246
1995,2月,Feb.,,10484,8693,1866,1668,1706,1926,1526,1791,8449,5097,4361,958,845,858,959,742,735,4208,5387,4331,909,824,848,967,784,1056,4242
,3月,Mar.,,10495,8696,1868,1672,1701,1928,1526,1799,8458,5104,4365,958,847,856,961,743,739,4214,5391,4331,910,825,845,968,784,1060,4244
,4月,Apr.,,10488,8686,1867,1670,1696,1928,1526,1802,8451,5097,4357,957,846,853,960,742,740,4208,5391,4329,910,824,843,968,784,1062,4244
,5月,May,,10506,8700,1865,1678,1694,1934,1529,1805,8470,5105,4364,956,850,852,963,744,741,4217,5400,4336,909,828,843,971,786,1064,4252
,6月,June,,10513,8704,1863,1681,1691,1937,1532,1809,8477,5109,4366,955,852,850,965,745,743,4221,5404,4338,908,829,841,973,787,1066,4256
,7月,July,,10504,8691,1852,1683,1684,1939,1533,1813,8472,5107,4362,951,853,847,966,745,745,4220,5397,4329,901,830,837,974,788,1068,4252
,8月,Aug.,,10514,8696,1851,1687,1680,1943,1534,1818,8477,5110,4363,950,855,845,967,746,747,4222,5403,4333,902,832,836,975,788,1071,4254
,9月,Sept.,,10525,8701,1852,1691,1676,1946,1536,1824,8485,5115,4365,950,857,843,969,747,750,4226,5410,4335,902,834,833,977,789,1074,4259
,10月,Oct.,,10532,8702,1850,1695,1671,1949,1538,1831,8489,5119,4366,949,859,840,970,748,753,4229,5414,4336,901,836,831,978,790,1078,4261
,11月,Nov.,,10542,8704,1848,1699,1667,1951,1540,1837,8497,5123,4367,948,861,838,971,748,756,4232,5419,4338,901,838,829,979,791,1081,4265
,12月,Dec.,,10531,8691,1843,1697,1659,1952,1540,1840,8486,5119,4362,945,861,835,973,749,757,4229,5412,4329,897,836,825,979,791,1083,4258
平成 8年,1月,Jan.,,10547,8696,1838,1704,1654,1955,1545,1851,8497,5126,4364,943,864,832,974,751,762,4234,5421,4332,895,840,822,981,794,1089,4263
1996,2月,Feb.,,10542,8685,1828,1705,1648,1956,1547,1858,8490,5123,4358,939,864,829,974,752,765,4229,5419,4326,890,841,819,982,795,1093,4259
,3月,Mar.,,10547,8679,1829,1708,1642,1954,1546,1868,8489,5124,4354,938,865,826,973,752,770,4229,5423,4325,890,842,816,981,794,1099,4261
,4月,Apr.,,10548,8675,1827,1706,1639,1955,1548,1873,8487,5125,4353,937,866,824,974,752,772,4229,5424,4322,890,841,815,981,795,1101,4260
,5月,May,,10564,8687,1825,1715,1639,1958,1550,1877,8502,5133,4359,936,870,824,975,754,774,4237,5431,4328,889,845,815,983,796,1103,4266
,6月,June,,10572,8690,1823,1719,1636,1959,1553,1881,8509,5135,4360,934,872,822,976,755,776,4238,5436,4330,888,847,814,983,798,1106,4269
,7月,July,,10565,8678,1810,1724,1630,1958,1557,1887,8506,5135,4357,930,875,820,975,757,778,4240,5431,4322,880,849,810,983,800,1109,4267
,8月,Aug.,,10576,8683,1807,1728,1629,1958,1560,1892,8512,5139,4359,928,877,819,976,759,781,4242,5437,4325,880,851,810,983,802,1112,4270
,9月,Sept.,,10590,8692,1809,1734,1628,1958,1564,1898,8523,5145,4362,928,880,819,975,760,783,4247,5445,4331,881,854,809,983,803,1115,4276
,10月,Oct.,,10597,8693,1805,1738,1625,1957,1568,1904,8526,5148,4362,926,882,817,975,762,786,4249,5450,4331,879,856,808,982,806,1119,4279
,11月,Nov.,,10604,8695,1802,1743,1622,1956,1572,1909,8530,5150,4362,924,884,816,974,764,788,4249,5454,4333,878,859,807,982,808,1121,4281
,12月,Dec.,,10594,8682,1797,1741,1616,1954,1574,1912,8519,5148,4359,922,884,814,974,765,789,4247,5446,4323,875,857,803,980,809,1123,4273
平成 9年,1月,Jan.,,10635,8708,1790,1745,1622,1962,1589,1927,8549,5168,4372,916,884,817,980,775,796,4263,5467,4336,873,861,805,983,815,1131,4286
1997,2月,Feb.,,10628,8693,1778,1745,1617,1962,1592,1935,8538,5165,4365,911,884,815,979,776,800,4258,5463,4328,867,861,802,982,816,1135,4280
,3月,Mar.,,10640,8696,1779,1751,1614,1961,1591,1944,8546,5171,4367,911,887,814,979,776,804,4263,5469,4329,868,864,800,982,815,1140,4283
,4月,Apr.,,10639,8690,1778,1749,1611,1960,1592,1949,8543,5168,4362,910,886,812,978,776,806,4258,5471,4328,868,863,799,982,816,1143,4284
,5月,May,,10655,8701,1775,1758,1611,1963,1594,1954,8558,5176,4368,908,891,812,980,778,808,4267,5479,4333,867,867,799,983,817,1146,4291
,6月,June,,10664,8706,1772,1764,1609,1965,1596,1958,8566,5181,4371,907,894,811,981,779,810,4272,5483,4335,865,870,798,984,818,1148,4294
,7月,July,,10657,8693,1760,1767,1604,1963,1599,1964,8563,5180,4367,902,896,809,980,780,813,4271,5477,4326,858,871,795,983,819,1151,4291
,8月,Aug.,,10666,8696,1758,1771,1603,1963,1601,1969,8565,5183,4368,901,898,808,980,781,815,4272,5483,4329,857,873,795,983,820,1154,4293
,9月,Sept.,,10681,8706,1759,1776,1603,1964,1603,1976,8575,5189,4371,900,900,808,981,782,818,4276,5492,4335,859,876,795,983,821,1158,4299
,10月,Oct.,,10688,8704,1754,1781,1601,1963,1604,1984,8580,5190,4369,898,902,806,980,782,822,4277,5497,4335,856,879,794,983,822,1162,4302
,11月,Nov.,,10693,8701,1752,1785,1599,1962,1603,1991,8581,5194,4368,897,905,806,980,782,825,4279,5499,4333,855,881,793,983,822,1166,4303
,12月,Dec.,,10680,8687,1747,1781,1594,1961,1604,1993,8568,5191,4364,895,904,804,980,782,826,4276,5490,4323,852,878,790,981,822,1167,4293
平成10年,1月,Jan.,,10699,8694,1741,1790,1594,1962,1606,2005,8580,5196,4365,892,907,803,979,783,831,4278,5502,4329,849,883,791,983,823,1174,4301
1998,2月,Feb.,,10699,8685,1730,1794,1592,1961,1609,2014,8575,5195,4360,887,908,802,979,784,835,4274,5503,4325,843,885,790,982,824,1178,4299
,3月,Mar.,,10716,8692,1732,1798,1591,1961,1610,2024,8585,5207,4367,887,911,803,980,786,840,4284,5509,4325,845,887,788,981,824,1184,4302
,4月,Apr.,,10714,8686,1731,1797,1589,1958,1611,2029,8580,5202,4360,886,910,801,977,785,842,4278,5512,4325,845,886,788,980,825,1187,4302
,5月,May,,10719,8688,1726,1804,1589,1958,1611,2031,8584,5204,4361,883,914,800,978,786,843,4279,5515,4327,842,890,788,981,826,1188,4304
,6月,June,,10726,8691,1722,1808,1588,1960,1614,2035,8589,5208,4363,882,916,800,978,787,845,4283,5519,4328,841,892,788,981,827,1190,4307
,7月,July,,10727,8686,1711,1813,1585,1959,1618,2041,8592,5209,4362,877,919,799,978,789,847,4284,5518,4324,834,894,786,981,829,1194,4308
,8月,Aug.,,10735,8688,1707,1817,1585,1958,1622,2046,8594,5211,4362,875,921,799,977,791,850,4284,5523,4327,832,897,787,980,831,1197,4309
,9月,Sept.,,10745,8694,1708,1821,1585,1955,1625,2051,8598,5216,4364,875,923,799,976,792,852,4287,5529,4329,833,898,787,979,832,1200,4311
,10月,Oct.,,10751,8693,1704,1826,1584,1951,1628,2058,8600,5217,4362,872,925,798,974,793,855,4286,5534,4331,831,901,786,978,834,1203,4314
,11月,Nov.,,10758,8694,1699,1830,1584,1949,1630,2064,8603,5221,4364,870,927,798,973,795,858,4288,5536,4330,829,903,786,976,836,1206,4314
,12月,Dec.,,10747,8680,1695,1828,1580,1946,1631,2068,8590,5219,4359,868,927,797,972,795,860,4286,5529,4320,827,900,783,974,836,1208,4305
平成11年,1月,Jan.,,10768,8689,1689,1836,1581,1946,1636,2079,8604,5227,4363,865,931,797,972,798,864,4291,5541,4326,824,906,784,974,838,1215,4313
1999,2月,Feb.,,10763,8677,1679,1838,1579,1941,1640,2086,8593,5223,4356,861,931,795,969,799,867,4284,5540,4322,818,907,784,972,840,1218,4309
,3月,Mar.,,10767,8674,1680,1842,1577,1936,1640,2092,8593,5223,4353,861,933,794,966,799,870,4282,5544,4321,820,909,782,970,840,1222,4310
,4月,Apr.,,10769,8673,1679,1840,1577,1933,1643,2097,8590,5224,4352,860,932,795,965,801,872,4282,5545,4320,819,907,783,968,842,1225,4308
,5月,May,,10778,8678,1674,1845,1580,1932,1646,2100,8598,5229,4356,857,935,796,965,803,874,4287,5549,4322,817,910,784,967,843,1227,4312
,6月,June,,10776,8673,1670,1847,1579,1930,1647,2103,8595,5228,4353,855,936,795,964,803,875,4286,5548,4320,815,910,784,967,844,1228,4311
,7月,July,,10781,8673,1659,1853,1579,1930,1650,2109,8602,5231,4354,851,939,796,964,804,877,4289,5550,4318,808,914,783,967,846,1231,4313
,8月,Aug.,,10788,8674,1655,1856,1581,1931,1652,2114,8603,5234,4355,849,941,796,964,805,879,4289,5554,4319,807,915,784,967,846,1234,4314
,9月,Sept.,,10797,8678,1655,1858,1582,1930,1653,2119,8607,5238,4357,848,942,797,964,806,882,4292,5558,4321,807,916,785,966,847,1237,4314
,10月,Oct.,,10802,8676,1651,1862,1581,1926,1656,2126,8608,5239,4354,846,944,796,961,807,885,4291,5563,4322,805,918,785,965,849,1241,4317
,11月,Nov.,,10809,8678,1647,1865,1582,1929,1655,2131,8612,5242,4355,844,945,796,963,807,887,4292,5567,4323,804,919,785,966,849,1244,4320
,12月,Dec.,,10805,8671,1644,1863,1580,1930,1655,2133,8606,5242,4354,842,945,797,964,806,888,4292,5563,4317,802,918,784,966,848,1245,4314
平成12年,1月,Jan.,,10815,8671,1639,1868,1580,1935,1649,2144,8610,5244,4351,840,947,796,966,804,893,4291,5571,4320,799,921,784,969,846,1251,4319
2000,2月,Feb.,,10818,8666,1629,1869,1581,1936,1650,2152,8609,5245,4349,835,947,796,966,804,897,4290,5573,4317,794,922,785,970,846,1256,4319
,3月,Mar.,,10820,8658,1629,1869,1580,1934,1647,2162,8605,5247,4346,834,947,796,966,803,901,4290,5573,4312,795,922,784,968,844,1261,4314
,4月,Apr.,,10815,8648,1627,1865,1579,1932,1645,2167,8595,5243,4340,834,946,795,964,801,903,4284,5572,4308,794,919,784,968,844,1264,4311
,5月,May,,10829,8658,1624,1871,1583,1934,1646,2171,8608,5250,4345,832,949,797,966,802,905,4290,5579,4313,793,923,786,968,844,1266,4318
,6月,June,,10837,8662,1622,1873,1585,1936,1645,2175,8614,5254,4347,830,950,798,967,802,907,4294,5583,4315,792,923,787,970,843,1268,4320
,7月,July,,10829,8648,1611,1873,1583,1936,1645,2180,8606,5251,4342,826,950,797,966,801,909,4290,5578,4307,785,923,786,969,843,1271,4316
,8月,Aug.,,10836,8650,1608,1874,1587,1937,1644,2186,8606,5253,4341,824,950,799,967,801,912,4290,5583,4309,784,924,788,970,843,1275,4316
,9月,Sept.,,10846,8653,1608,1874,1590,1939,1641,2193,8612,5258,4343,824,950,800,968,800,915,4293,5589,4310,784,923,790,971,841,1279,4319
,10月,Oct.,,10855,8652,1606,1875,1592,1940,1639,2202,8616,5260,4341,822,951,801,968,799,919,4293,5594,4311,784,924,791,972,841,1283,4321
,11月,Nov.,,10863,8652,1603,1877,1595,1944,1634,2211,8617,5264,4341,821,952,803,970,796,923,4295,5599,4311,783,925,792,973,838,1288,4324
,12月,Dec.,,10864,8649,1601,1876,1594,1947,1632,2215,8617,5265,4340,819,952,803,972,795,925,4295,5599,4309,781,924,792,975,837,1290,4322
平成13年,1月,Jan.,,10867,8640,1595,1882,1590,1951,1622,2227,8611,5265,4335,817,955,800,974,790,930,4290,5602,4305,778,927,790,977,832,1297,4319
2001,2月,Feb.,,10852,8618,1584,1883,1585,1951,1616,2234,8592,5259,4326,812,955,798,974,787,933,4283,5593,4292,771,928,787,977,829,1301,4309
,3月,Mar.,,10869,8625,1584,1891,1582,1956,1612,2244,8602,5267,4329,812,959,797,976,785,938,4288,5602,4296,773,932,786,980,826,1306,4314
,4月,Apr.,,10867,8618,1584,1891,1578,1958,1607,2250,8594,5265,4324,811,959,794,977,783,940,4284,5603,4293,773,931,784,981,824,1309,4311
,5月,May,,10880,8627,1581,1900,1578,1961,1606,2253,8605,5271,4329,809,964,794,979,783,942,4289,5609,4298,772,936,784,982,824,1311,4316
,6月,June,,10882,8624,1578,1905,1575,1960,1606,2257,8604,5270,4327,808,966,792,978,783,944,4288,5611,4298,770,938,783,982,824,1314,4316
,7月,July,,10884,8619,1568,1911,1572,1959,1610,2264,8607,5273,4326,804,969,792,977,784,947,4289,5611,4293,764,941,781,981,826,1317,4317
,8月,Aug.,,10889,8619,1564,1915,1572,1957,1612,2270,8605,5275,4325,801,971,791,976,785,949,4289,5614,4294,762,943,781,981,827,1321,4316
,9月,Sept.,,10898,8623,1565,1919,1570,1953,1615,2276,8610,5278,4326,801,974,790,974,787,952,4291,5621,4297,764,946,780,979,828,1324,4321
,10月,Oct.,,10907,8625,1562,1925,1569,1948,1620,2282,8616,5281,4327,800,976,789,972,789,955,4293,5625,4298,762,949,780,977,831,1327,4323
,11月,Nov.,,10919,8631,1559,1931,1570,1946,1625,2288,8624,5287,4329,798,979,790,971,791,958,4297,5633,4302,761,952,780,975,834,1331,4329
,12月,Dec.,,10913,8622,1558,1928,1568,1942,1627,2291,8616,5286,4327,797,978,790,969,793,959,4295,5627,4295,760,950,778,973,834,1332,4322
平成14年,1月,Jan.,,10917,8603,1546,1907,1577,1934,1639,2314,8604,5293,4319,792,965,795,967,800,974,4291,5624,4284,754,941,782,967,839,1340,4313
2002,2月,Feb.,,10908,8585,1536,1902,1580,1926,1641,2322,8589,5286,4309,788,962,795,962,801,978,4282,5621,4277,748,940,785,964,840,1345,4307
,3月,Mar.,,10914,8582,1540,1899,1583,1918,1642,2332,8589,5289,4307,788,961,797,958,802,982,4281,5625,4275,751,938,785,959,840,1350,4307
,4月,Apr.,,10909,8573,1541,1892,1584,1911,1645,2337,8579,5286,4302,788,958,798,955,803,984,4277,5624,4271,753,934,786,956,842,1353,4303
,5月,May,,10923,8582,1537,1895,1592,1907,1650,2341,8589,5292,4306,787,959,801,953,806,986,4281,5630,4276,751,936,791,954,844,1355,4307
,6月,June,,10929,8584,1535,1896,1595,1902,1657,2345,8593,5295,4307,785,960,803,950,810,988,4283,5634,4277,749,937,792,952,847,1357,4309
,7月,July,,10924,8572,1525,1895,1595,1892,1665,2352,8588,5294,4302,782,959,803,945,813,991,4282,5631,4269,743,936,791,947,852,1361,4307
,8月,Aug.,,10929,8571,1521,1895,1600,1883,1672,2358,8588,5296,4302,780,959,806,941,817,994,4283,5633,4269,741,936,794,942,855,1364,4306
,9月,Sept.,,10944,8580,1523,1896,1608,1877,1677,2364,8598,5303,4307,780,959,810,938,820,996,4287,5641,4273,743,936,798,939,857,1368,4311
,10月,Oct.,,10952,8580,1520,1897,1611,1869,1683,2372,8601,5305,4305,778,960,811,934,823,1000,4287,5647,4275,742,937,800,935,861,1372,4314
,11月,Nov.,,10943,8565,1516,1893,1611,1859,1685,2378,8587,5299,4297,776,958,810,929,823,1003,4280,5644,4268,740,935,801,931,861,1375,4309
,12月,Dec.,,10929,8548,1514,1886,1610,1852,1686,2381,8573,5294,4290,775,955,810,925,824,1004,4274,5636,4259,739,931,800,927,862,1377,4300
平成15年,1月,Jan.,,10941,8547,1510,1889,1612,1842,1694,2393,8575,5298,4289,774,956,811,920,828,1009,4274,5643,4259,737,933,801,922,866,1384,4301
2003,2月,Feb.,,10933,8531,1501,1885,1612,1833,1700,2401,8563,5295,4282,770,955,811,916,831,1013,4269,5638,4249,731,931,801,918,869,1388,4293
,3月,Mar.,,10952,8542,1503,1888,1616,1828,1708,2410,8575,5306,4290,770,956,814,914,836,1017,4277,5646,4253,733,932,802,914,872,1393,4298
,4月,Apr.,,10947,8533,1503,1882,1616,1820,1712,2414,8566,5300,4282,770,953,813,909,837,1019,4271,5647,4251,733,929,803,911,875,1396,4297
,5月,May,,10960,8543,1500,1885,1621,1817,1720,2417,8578,5306,4286,768,954,816,907,841,1020,4276,5654,4256,732,931,806,909,878,1397,4302
,6月,June,,10971,8551,1497,1887,1626,1813,1727,2420,8588,5313,4292,767,956,818,906,845,1021,4282,5658,4259,731,932,808,907,882,1399,4306
,7月,July,,10968,8543,1489,1885,1627,1807,1735,2425,8586,5312,4288,764,955,819,903,849,1023,4281,5656,4254,725,931,808,904,887,1402,4305
,8月,Aug.,,10968,8539,1485,1883,1630,1800,1742,2429,8581,5310,4285,761,953,820,899,852,1025,4278,5658,4254,724,929,810,901,890,1404,4304
,9月,Sept.,,10975,8544,1487,1881,1634,1795,1748,2431,8583,5314,4288,762,952,822,897,855,1026,4280,5662,4256,726,928,812,898,892,1405,4304
,10月,Oct.,,10979,8543,1484,1881,1635,1788,1755,2436,8583,5314,4286,760,952,822,893,859,1028,4278,5665,4256,724,929,813,895,896,1408,4306
,11月,Nov.,,10982,8542,1482,1880,1636,1781,1761,2441,8583,5317,4286,759,952,823,890,862,1030,4279,5666,4255,723,928,813,892,900,1411,4304
,12月,Dec.,,10967,8525,1479,1872,1634,1775,1765,2441,8567,5311,4280,758,949,823,887,864,1030,4273,5656,4245,722,923,811,888,902,1411,4294
平成16年,1月,Jan.,,10983,8531,1475,1874,1639,1767,1776,2452,8575,5318,4283,756,950,825,883,869,1035,4277,5665,4248,719,924,814,884,907,1417,4298
2004,2月,Feb.,,10976,8517,1466,1871,1639,1759,1782,2459,8563,5312,4274,752,948,824,878,872,1038,4269,5663,4243,714,923,814,881,910,1421,4293
,3月,Mar.,,10990,8524,1469,1871,1641,1753,1789,2467,8571,5319,4277,752,948,826,875,876,1042,4274,5672,4246,717,924,815,877,914,1425,4298
,4月,Apr.,,10997,8527,1470,1868,1644,1748,1798,2471,8575,5321,4278,752,946,827,873,880,1043,4274,5676,4248,717,922,817,875,918,1427,4300
,5月,May,,10995,8523,1466,1866,1646,1741,1804,2472,8572,5320,4276,751,945,828,870,883,1044,4273,5676,4247,715,921,818,872,921,1428,4300
,6月,June,,10982,8508,1462,1860,1646,1734,1808,2474,8557,5313,4268,748,943,827,866,884,1044,4266,5670,4240,713,917,818,868,923,1430,4292
,7月,July,,10984,8507,1455,1860,1649,1727,1815,2477,8560,5314,4268,746,942,829,862,888,1046,4267,5670,4239,710,917,820,865,927,1431,4293
,8月,Aug.,,10985,8504,1450,1858,1653,1721,1822,2482,8559,5315,4268,743,942,831,860,892,1048,4267,5670,4236,707,916,822,861,930,1434,4292
,9月,Sept.,,10994,8506,1447,1858,1657,1715,1829,2488,8566,5321,4271,742,942,834,857,896,1051,4273,5672,4235,705,915,823,858,934,1437,4292
,10月,Oct.,,10997,8503,1445,1857,1658,1707,1835,2494,8564,5319,4265,740,942,833,852,898,1053,4269,5678,4237,705,916,825,855,937,1441,4296
,11月,Nov.,,11003,8503,1444,1857,1661,1701,1840,2500,8566,5323,4267,739,942,836,850,900,1056,4271,5680,4236,704,915,826,851,939,1444,4295
,12月,Dec.,,10995,8492,1441,1850,1662,1694,1845,2503,8558,5321,4264,738,939,837,847,903,1057,4269,5674,4228,703,911,825,847,942,1445,4289
平成17年,1月,Jan.,,11004,8490,1436,1851,1666,1688,1848,2514,8558,5322,4259,736,939,837,843,904,1062,4267,5682,4230,701,913,828,845,944,1452,4291
2005,2月,Feb.,,11003,8481,1429,1850,1668,1683,1852,2522,8551,5322,4255,732,938,838,841,906,1066,4264,5682,4226,696,912,829,843,945,1456,4288
,3月,Mar.,,11003,8473,1429,1847,1667,1677,1853,2530,8545,5320,4250,732,936,838,837,907,1070,4259,5683,4223,697,910,829,840,946,1460,4286
,4月,Apr.,,10994,8460,1428,1837,1667,1673,1854,2535,8531,5316,4244,731,932,838,835,907,1072,4254,5679,4216,697,905,829,838,947,1463,4279
,5月,May,,11008,8472,1427,1840,1675,1672,1858,2537,8545,5324,4252,730,934,842,835,910,1072,4262,5684,4220,697,906,832,837,948,1464,4283
,6月,June,,11003,8463,1424,1836,1677,1667,1859,2540,8538,5321,4247,729,932,843,833,910,1074,4259,5682,4216,695,904,834,835,949,1466,4280
,7月,July,,11005,8458,1417,1834,1680,1663,1865,2547,8542,5322,4245,726,931,845,830,913,1077,4260,5683,4213,691,903,835,832,952,1470,4282
,8月,Aug.,,11006,8454,1412,1831,1684,1659,1868,2553,8536,5322,4242,723,930,847,828,914,1079,4257,5684,4211,688,901,837,831,954,1473,4280
,9月,Sept.,,11014,8455,1412,1829,1689,1655,1870,2559,8539,5326,4244,723,929,849,827,916,1082,4260,5687,4211,689,900,839,828,954,1477,4279
※注_Notes,10月,Oct.,,11017,8451,1410,1828,1691,1650,1872,2566,8538,5327,4242,722,929,851,824,916,1085,4259,5691,4209,688,899,840,826,956,1480,4281
,11月,Nov.,,11018,8446,1407,1826,1694,1645,1875,2572,8534,5326,4238,720,927,852,821,917,1088,4255,5692,4208,687,898,842,823,957,1484,4279
,12月,Dec.,,11015,8439,1405,1820,1696,1641,1878,2576,8529,5327,4237,720,925,854,819,920,1090,4255,5689,4202,686,894,843,821,958,1486,4275
平成18年,1月,Jan.,,11017,8430,1401,1818,1699,1633,1878,2588,8520,5326,4231,718,923,854,815,920,1095,4250,5691,4199,684,895,845,817,959,1493,4271
2006,2月,Feb.,,11011,8415,1393,1813,1701,1627,1881,2596,8509,5323,4225,714,921,855,813,921,1099,4245,5689,4191,679,892,846,814,960,1498,4266
,3月,Mar.,,11027,8424,1396,1812,1707,1626,1883,2605,8521,5333,4231,714,921,860,813,923,1102,4253,5695,4193,681,891,847,814,961,1502,4269
,4月,Apr.,,11010,8402,1394,1802,1704,1620,1880,2609,8499,5321,4218,714,916,858,809,921,1104,4241,5688,4183,680,886,846,811,960,1505,4258
,5月,May,,11024,8410,1392,1804,1712,1620,1883,2614,8510,5328,4222,713,917,861,809,923,1106,4245,5696,4188,680,887,851,811,960,1507,4265
,6月,June,,11035,8416,1391,1803,1718,1619,1885,2620,8518,5333,4225,712,916,864,808,924,1109,4249,5702,4191,679,886,854,811,961,1511,4269
,7月,July,,11031,8403,1385,1798,1721,1614,1886,2628,8513,5333,4220,710,914,866,806,924,1113,4248,5699,4184,675,884,854,808,962,1515,4266
,8月,Aug.,,11031,8396,1380,1793,1725,1611,1886,2635,8509,5331,4216,707,913,868,804,923,1116,4245,5700,4180,673,882,857,807,962,1519,4264
,9月,Sept.,,11037,8395,1381,1789,1730,1610,1884,2642,8510,5335,4216,707,911,871,804,923,1119,4247,5702,4179,673,879,859,806,961,1523,4263
,10月,Oct.,,11044,8394,1378,1789,1735,1608,1884,2650,8514,5337,4216,705,910,873,803,924,1123,4248,5706,4178,673,879,862,805,961,1527,4265
,11月,Nov.,,11049,8392,1376,1786,1739,1606,1884,2657,8516,5339,4213,704,909,876,802,923,1126,4249,5710,4178,672,878,864,803,961,1532,4268
,12月,Dec.,,11039,8378,1375,1779,1740,1601,1883,2661,8506,5336,4209,703,905,876,801,923,1128,4245,5704,4169,672,873,863,801,960,1534,4261
平成19年,1月,Jan.,,11051,8357,1364,1751,1744,1600,1896,2696,8492,5348,4202,700,889,880,801,933,1146,4245,5705,4155,665,864,864,801,963,1550,4248
2007,2月,Feb.,,11052,8348,1362,1747,1747,1596,1897,2705,8487,5347,4197,698,886,881,799,932,1151,4240,5705,4151,663,862,865,799,963,1554,4245
,3月,Mar.,,11055,8342,1360,1744,1748,1594,1896,2715,8482,5348,4193,698,884,882,797,933,1155,4238,5708,4149,663,860,867,797,963,1560,4244
,4月,Apr.,,11056,8337,1359,1738,1751,1592,1896,2720,8480,5348,4191,697,881,884,796,933,1158,4237,5708,4145,663,857,868,796,963,1563,4242
,5月,May,,11062,8337,1358,1735,1756,1590,1898,2725,8482,5350,4191,697,880,886,795,933,1160,4238,5711,4146,662,855,870,795,964,1565,4243
,6月,June,,11066,8337,1358,1733,1762,1588,1898,2729,8484,5351,4190,695,878,888,794,933,1162,4239,5715,4147,661,854,873,794,965,1568,4245
,7月,July,,11068,8333,1354,1727,1766,1586,1898,2736,8483,5354,4189,693,876,892,793,934,1165,4241,5714,4143,660,851,874,793,965,1571,4242
,8月,Aug.,,11071,8328,1349,1724,1771,1585,1899,2742,8483,5354,4188,691,874,894,793,934,1168,4240,5716,4140,657,850,877,792,965,1576,4242
,9月,Sept.,,11075,8326,1347,1721,1776,1583,1899,2749,8482,5357,4186,690,872,896,793,934,1171,4239,5718,4140,657,848,879,791,965,1579,4242
,10月,Oct.,,11078,8323,1346,1717,1779,1581,1898,2755,8480,5357,4185,690,871,898,792,934,1173,4236,5720,4138,656,847,881,790,964,1583,4240
,11月,Nov.,,11079,8319,1344,1714,1784,1579,1898,2761,8475,5359,4183,689,869,901,791,933,1176,4236,5721,4136,655,845,883,789,964,1586,4239
,12月,Dec.,,11079,8315,1343,1708,1786,1578,1899,2765,8473,5357,4181,688,866,902,790,934,1177,4233,5722,4134,655,842,884,789,964,1587,4238
平成20年,1月,Jan.,,11080,8306,1339,1705,1789,1576,1897,2775,8464,5359,4177,687,864,903,788,934,1182,4232,5722,4129,653,840,886,787,964,1593,4233
2008,2月,Feb.,,11078,8295,1335,1699,1790,1574,1896,2784,8456,5358,4173,684,862,904,788,933,1186,4227,5720,4122,651,838,886,786,963,1598,4228
,3月,Mar.,,11080,8289,1334,1696,1793,1572,1894,2792,8453,5358,4168,683,860,906,786,932,1190,4225,5723,4121,651,836,887,785,962,1602,4227
,4月,Apr.,,11078,8282,1332,1690,1795,1571,1894,2797,8449,5356,4165,682,857,907,786,932,1192,4223,5722,4117,650,833,888,785,962,1605,4225
,5月,May,,11083,8283,1330,1688,1801,1571,1895,2800,8451,5358,4165,681,856,909,786,933,1193,4224,5725,4118,649,831,892,785,962,1608,4226
,6月,June,,11085,8280,1328,1683,1805,1570,1895,2804,8453,5359,4165,680,854,911,786,933,1194,4226,5727,4116,648,829,894,784,962,1610,4227
,7月,July,,11089,8278,1326,1679,1809,1569,1895,2810,8455,5360,4163,679,852,914,785,933,1197,4226,5728,4115,646,827,896,784,962,1614,4227
,8月,Aug.,,11088,8269,1321,1674,1814,1568,1893,2817,8453,5361,4161,677,850,917,785,932,1200,4227,5727,4109,644,824,897,783,961,1617,4226
,9月,Sept.,,11092,8266,1319,1670,1818,1567,1891,2825,8456,5363,4159,676,848,919,785,931,1204,4229,5728,4107,643,823,899,782,961,1621,4226
,10月,Oct.,,11093,8259,1316,1667,1822,1568,1887,2832,8455,5363,4157,674,846,920,785,930,1207,4229,5729,4104,642,821,902,782,959,1625,4226
,11月,Nov.,,11094,8254,1314,1663,1825,1567,1885,2839,8455,5363,4153,673,844,923,785,928,1210,4227,5731,4101,641,819,903,783,957,1629,4227
,12月,Dec.,,11091,8248,1312,1656,1829,1567,1885,2843,8451,5361,4150,672,840,924,785,928,1211,4226,5730,4099,640,816,905,782,957,1631,4225
平成21年,1月,Jan.,,11091,8236,1309,1653,1830,1564,1881,2854,8443,5362,4145,671,839,925,783,926,1216,4222,5729,4091,639,814,905,781,954,1637,4220
2009,2月,Feb.,,11089,8226,1306,1649,1832,1562,1878,2863,8437,5361,4140,669,837,925,782,925,1220,4219,5728,4087,637,812,905,780,953,1642,4216
,3月,Mar.,,11091,8220,1304,1646,1833,1562,1875,2872,8434,5361,4137,668,835,927,783,924,1224,4217,5730,4083,637,811,907,779,951,1647,4215
,4月,Apr.,,11093,8214,1304,1641,1834,1563,1872,2879,8433,5362,4135,668,833,928,783,923,1227,4217,5732,4080,637,808,908,780,949,1651,4216
,5月,May,,11097,8213,1302,1638,1838,1564,1870,2884,8436,5363,4133,667,831,929,784,922,1230,4217,5734,4079,636,806,909,780,949,1654,4218
,6月,June,,11101,8212,1301,1633,1841,1565,1871,2888,8436,5365,4133,666,829,931,784,922,1232,4220,5736,4079,635,804,911,781,949,1657,4217
,7月,July,,11102,8208,1298,1629,1845,1565,1870,2893,8435,5364,4130,664,827,933,784,921,1234,4217,5738,4078,633,802,912,781,949,1659,4218
,8月,Aug.,,11101,8201,1292,1625,1848,1566,1870,2899,8431,5364,4128,662,824,935,784,922,1236,4217,5737,4075,630,800,915,781,949,1662,4215
,9月,Sept.,,11105,8199,1291,1621,1852,1567,1870,2906,8431,5366,4126,661,822,936,784,922,1239,4216,5740,4073,630,799,916,782,948,1666,4214
,10月,Oct.,,11108,8197,1290,1617,1854,1567,1869,2911,8429,5367,4126,660,820,937,784,921,1242,4215,5741,4072,629,797,917,782,948,1669,4213
,11月,Nov.,,11109,8194,1288,1614,1857,1566,1869,2915,8424,5366,4123,659,818,939,784,921,1243,4212,5743,4071,629,795,918,782,948,1671,4212
,12月,Dec.,,11105,8188,1286,1607,1857,1567,1871,2916,8419,5364,4121,658,815,939,786,922,1243,4209,5740,4069,627,792,918,783,948,1673,4208
平成22年,1月,Jan.,,11103,8184,1282,1605,1858,1565,1876,2920,8408,5363,4118,657,814,939,784,925,1245,4204,5740,4065,626,790,919,781,952,1675,4203
2010,2月,Feb.,,11101,8175,1278,1600,1857,1565,1874,2926,8400,5362,4115,654,811,939,784,924,1248,4200,5739,4061,624,788,918,781,951,1678,4199
,3月,Mar.,,11104,8171,1277,1597,1857,1566,1875,2932,8396,5363,4112,653,810,940,785,924,1250,4198,5741,4059,624,786,918,781,951,1682,4197
,4月,Apr.,,11102,8166,1276,1591,1858,1566,1875,2936,8390,5361,4109,652,807,939,785,924,1252,4195,5742,4058,623,785,918,782,951,1684,4195
,5月,May,,11107,8168,1274,1590,1860,1568,1875,2939,8393,5363,4110,651,807,941,785,924,1253,4194,5744,4058,623,784,919,782,951,1686,4197
,6月,June,,11113,8173,1273,1589,1863,1571,1878,2941,8394,5365,4111,651,805,941,786,926,1254,4195,5749,4062,623,783,922,784,952,1687,4199
,7月,July,,11113,8169,1269,1583,1864,1573,1879,2943,8390,5365,4111,649,803,943,788,927,1255,4194,5746,4058,620,780,921,784,953,1688,4193
,8月,Aug.,,11113,8166,1265,1580,1865,1575,1880,2947,8386,5366,4110,647,802,944,789,927,1256,4194,5747,4057,618,778,922,786,953,1690,4192
,9月,Sept.,,11117,8166,1264,1577,1866,1577,1883,2950,8385,5368,4111,647,801,944,791,928,1257,4193,5749,4056,617,777,921,787,955,1693,4191
※注_Notes,10月,Oct.,,11120,8167,1262,1575,1866,1580,1884,2952,8384,5368,4110,645,799,944,792,928,1258,4191,5750,4057,617,777,921,789,955,1694,4189
,11月,Nov.,,11121,8169,1259,1574,1866,1583,1886,2952,8380,5369,4111,643,798,945,793,931,1258,4190,5752,4058,616,776,922,789,956,1694,4189
,12月,Dec.,,11120,8168,1257,1570,1869,1584,1891,2952,8376,5368,4110,642,795,945,794,932,1258,4188,5752,4059,615,774,923,791,958,1694,4188
平成23年,1月,Jan.,,11123,8170,1256,1568,1872,1580,1895,2953,8367,5369,4111,642,795,948,792,934,1258,4184,5754,4059,614,772,924,788,960,1695,4184
2011,2月,Feb.,,11119,8164,1253,1563,1874,1577,1898,2956,8356,5368,4109,641,793,949,790,936,1259,4180,5752,4055,612,770,926,786,961,1696,4178
,3月,Mar.,,11120,8164,1252,1559,1878,1573,1900,2956,8349,5367,4108,641,791,951,789,938,1259,4174,5752,4056,612,768,929,785,963,1697,4174
,4月,Apr.,,11118,8161,1252,1553,1883,1570,1903,2957,8344,5367,4107,641,788,953,787,939,1259,4173,5752,4055,612,765,930,783,964,1697,4172
,5月,May,,11122,8165,1252,1551,1889,1568,1905,2957,8345,5369,4110,640,787,956,786,940,1259,4173,5754,4056,612,764,933,782,966,1698,4172
,6月,June,,11120,8161,1251,1547,1893,1566,1905,2959,8339,5368,4108,639,784,958,785,940,1260,4171,5752,4053,611,761,935,781,966,1699,4168
,7月,July,,11121,8158,1249,1543,1898,1565,1904,2963,8334,5368,4105,638,783,960,785,939,1262,4168,5753,4053,611,760,938,780,965,1701,4165
,8月,Aug.,,11099,8131,1240,1531,1898,1562,1901,2968,8309,5360,4095,634,778,961,783,937,1265,4159,5740,4036,605,753,937,778,963,1704,4151
,9月,Sept.,,11110,8134,1242,1530,1904,1561,1897,2976,8312,5365,4096,635,778,965,783,935,1268,4160,5745,4038,606,753,939,778,961,1707,4152
,10月,Oct.,,11116,8133,1243,1529,1908,1560,1893,2983,8312,5367,4095,636,777,967,782,934,1272,4159,5749,4037,607,753,942,777,959,1711,4152
,11月,Nov.,,11116,8127,1242,1528,1911,1560,1888,2989,8306,5367,4091,635,776,968,782,932,1275,4156,5749,4036,606,752,943,777,957,1715,4149
,12月,Dec.,,11115,8122,1241,1523,1912,1561,1887,2993,8301,5366,4089,635,773,968,783,931,1277,4153,5750,4033,606,750,945,778,956,1716,4148
平成24年,1月,Jan.,,11113,8107,1240,1520,1907,1563,1878,3007,8288,5366,4082,634,772,966,784,926,1284,4150,5748,4024,605,748,942,779,951,1723,4140
2012,2月,Feb.,,11111,8095,1237,1518,1904,1566,1871,3016,8279,5364,4075,633,771,964,785,923,1288,4144,5747,4020,603,747,940,781,948,1728,4135
,3月,Mar.,,11112,8086,1237,1515,1900,1571,1864,3025,8273,5364,4072,633,769,961,789,919,1293,4140,5747,4015,603,746,938,783,944,1733,4132
,4月,Apr.,,11108,8076,1236,1510,1897,1573,1858,3032,8265,5362,4066,633,767,961,790,917,1296,4137,5746,4010,603,744,937,784,942,1736,4129
,5月,May,,11104,8065,1235,1507,1894,1576,1853,3039,8258,5360,4060,632,764,960,791,914,1299,4133,5745,4004,602,741,936,786,939,1740,4126
,6月,June,,11108,8061,1235,1504,1896,1579,1848,3047,8259,5361,4058,632,763,960,793,911,1303,4132,5747,4003,603,740,936,788,936,1744,4125
,7月,July,,11111,8053,1234,1500,1895,1584,1840,3057,8256,5363,4055,632,761,960,795,908,1308,4132,5748,3999,602,739,936,789,932,1749,4123
,8月,Aug.,,11108,8039,1230,1496,1894,1588,1832,3069,8248,5361,4048,629,759,959,797,904,1314,4128,5746,3991,600,737,935,791,929,1755,4119
,9月,Sept.,,11111,8031,1230,1492,1894,1591,1824,3080,8246,5364,4045,629,757,959,799,900,1319,4129,5748,3986,600,735,935,793,924,1761,4118
,10月,Oct.,,11114,8024,1230,1490,1894,1594,1815,3090,8244,5364,4041,629,756,959,800,896,1324,4126,5749,3983,600,734,936,794,920,1766,4116
,11月,Nov.,,11113,8015,1229,1488,1894,1597,1808,3099,8238,5365,4036,629,754,959,801,892,1328,4125,5749,3978,600,732,935,796,917,1771,4114
,12月,Dec.,,11109,8006,1228,1482,1892,1599,1805,3104,8231,5362,4032,628,751,958,803,890,1330,4121,5747,3974,599,730,934,797,915,1773,4111
平成25年,1月,Jan.,,11106,7987,1227,1480,1889,1598,1794,3119,8221,5361,4024,628,750,957,802,885,1337,4117,5746,3963,599,728,933,796,909,1781,4105
2013,2月,Feb.,,11103,7974,1225,1477,1887,1599,1785,3130,8212,5360,4016,627,749,956,803,881,1343,4113,5745,3957,597,727,932,796,905,1787,4102
,3月,Mar.,,11104,7963,1226,1475,1886,1601,1777,3140,8206,5359,4011,627,748,955,804,878,1348,4109,5745,3952,598,727,931,797,901,1793,4097
,4月,Apr.,,11101,7952,1226,1470,1883,1603,1772,3149,8199,5358,4006,627,746,954,805,875,1352,4105,5743,3946,598,724,929,798,898,1797,4092
,5月,May,,11106,7949,1226,1467,1883,1606,1767,3157,8201,5361,4004,627,745,954,806,872,1356,4106,5745,3945,598,722,930,800,895,1801,4093
,6月,June,,11109,7945,1226,1465,1883,1609,1763,3164,8200,5361,4002,628,744,954,808,870,1359,4105,5749,3943,598,721,930,801,893,1805,4095
,7月,July,,11108,7935,1224,1460,1882,1612,1757,3172,8193,5361,3998,627,741,954,810,868,1363,4103,5746,3937,598,718,929,802,890,1809,4090
,8月,Aug.,,11106,7925,1221,1457,1881,1615,1751,3181,8186,5362,3994,625,740,954,811,865,1367,4101,5745,3931,596,717,929,804,887,1814,4085
,9月,Sept.,,11112,7921,1222,1456,1881,1618,1746,3190,8184,5364,3992,626,739,953,813,862,1372,4100,5747,3929,596,716,929,805,884,1819,4084
,10月,Oct.,,11113,7914,1222,1454,1879,1619,1739,3199,8179,5365,3988,626,738,952,813,859,1376,4098,5749,3925,596,715,928,806,881,1824,4082
,11月,Nov.,,11111,7904,1220,1452,1878,1621,1733,3207,8173,5364,3983,624,737,951,814,856,1380,4095,5748,3921,595,714,927,807,878,1828,4079
,12月,Dec.,,11108,7896,1220,1446,1875,1625,1731,3212,8166,5362,3979,624,734,950,816,855,1382,4092,5747,3917,595,712,926,808,877,1830,4077
平成26年,1月,Jan.,,11107,7879,1220,1445,1872,1625,1720,3227,8157,5362,3972,624,734,948,816,849,1389,4088,5745,3908,595,711,924,808,871,1838,4069
2014,2月,Feb.,,11103,7865,1217,1442,1869,1626,1713,3238,8146,5360,3965,623,732,947,816,846,1394,4082,5744,3900,593,710,922,808,867,1844,4064
,3月,Mar.,,11106,7857,1218,1440,1867,1627,1705,3249,8140,5361,3960,623,731,947,818,843,1399,4079,5745,3896,594,709,921,809,864,1849,4061
,4月,Apr.,,11104,7846,1218,1437,1862,1629,1700,3258,8133,5361,3956,624,729,944,819,840,1404,4077,5744,3890,594,707,919,810,861,1854,4057
,5月,May,,11108,7842,1218,1435,1862,1632,1695,3265,8134,5362,3954,624,728,944,820,838,1407,4076,5746,3889,594,706,918,812,858,1858,4058
,6月,June,,11107,7835,1218,1431,1861,1636,1691,3272,8130,5363,3950,624,726,943,822,835,1412,4075,5746,3885,594,704,919,814,856,1862,4056
,7月,July,,11112,7830,1219,1429,1859,1639,1685,3281,8132,5364,3948,624,725,942,824,832,1416,4077,5749,3882,594,703,918,816,853,1866,4057
,8月,Aug.,,11106,7816,1215,1426,1857,1642,1678,3290,8123,5362,3942,622,723,941,825,829,1420,4073,5745,3875,591,700,917,817,849,1870,4051
,9月,Sept.,,11112,7812,1216,1423,1856,1646,1671,3300,8125,5366,3940,623,722,941,827,827,1425,4075,5748,3872,592,700,916,819,846,1875,4052
,10月,Oct.,,11114,7804,1217,1420,1856,1648,1664,3310,8122,5366,3937,624,721,941,828,823,1429,4073,5748,3868,592,699,916,820,842,1880,4049
,11月,Nov.,,11114,7796,1216,1418,1855,1650,1658,3317,8120,5366,3933,623,721,941,829,820,1433,4072,5749,3863,592,698,915,821,839,1884,4049
,12月,Dec.,,11110,7786,1216,1413,1852,1654,1653,3324,8116,5364,3928,623,718,939,831,817,1436,4071,5746,3858,592,695,914,823,835,1888,4047
平成27年,1月,Jan.,,11107,7773,1215,1412,1848,1655,1646,3334,8111,5364,3922,623,717,937,832,814,1441,4070,5744,3851,591,693,911,823,832,1893,4043
2015,2月,Feb.,,11105,7763,1214,1409,1845,1656,1640,3342,8105,5362,3917,621,716,935,832,811,1445,4066,5743,3846,591,692,910,823,830,1898,4039
,3月,Mar.,,11106,7757,1215,1408,1842,1657,1636,3349,8102,5363,3914,622,715,934,834,809,1448,4065,5745,3842,591,691,909,824,828,1901,4039
,4月,Apr.,,11105,7749,1215,1404,1838,1659,1633,3356,8099,5362,3910,623,714,931,835,807,1451,4062,5744,3839,592,690,907,825,826,1905,4037
,5月,May,,11109,7748,1215,1403,1836,1664,1630,3361,8101,5364,3910,623,713,930,837,807,1454,4063,5745,3838,592,690,906,827,825,1908,4036
,6月,June,,11114,7748,1217,1402,1834,1668,1628,3366,8104,5365,3908,623,713,930,838,805,1456,4064,5750,3839,593,690,906,830,823,1910,4041
,7月,July,,11110,7737,1215,1397,1831,1672,1624,3373,8099,5365,3905,622,710,928,841,804,1459,4063,5746,3831,591,686,904,831,821,1914,4036
,8月,Aug.,,11109,7729,1213,1395,1828,1676,1619,3380,8096,5366,3902,622,709,927,843,801,1463,4063,5745,3828,590,685,902,833,819,1917,4035
,9月,Sept.,,11115,7728,1215,1393,1826,1679,1615,3387,8099,5368,3902,623,708,926,845,799,1466,4064,5747,3826,591,684,901,834,816,1921,4035
,10月,Oct.,,11116,7724,1216,1390,1824,1682,1611,3394,8097,5368,3899,624,707,924,846,797,1469,4062,5748,3823,592,683,900,835,814,1925,4034
,11月,Nov.,,11117,7717,1216,1389,1823,1684,1606,3399,8097,5368,3897,624,706,923,848,795,1472,4062,5749,3821,592,682,898,837,811,1928,4035
,12月,Dec.,,11112,7709,1216,1384,1818,1689,1602,3403,8095,5365,3892,624,704,921,850,792,1474,4060,5746,3816,592,681,896,838,809,1930,4033
平成28年,1月,Jan.,,11113,7699,1217,1384,1814,1691,1594,3413,8097,5366,3888,625,704,920,851,789,1478,4062,5746,3812,592,680,894,839,805,1936,4033
2016,2月,Feb.,,11105,7685,1213,1381,1809,1692,1589,3421,8088,5363,3882,622,703,918,853,786,1482,4059,5743,3803,590,678,893,840,802,1940,4029
,3月,Mar.,,11112,7682,1215,1380,1807,1695,1586,3428,8093,5365,3880,624,703,916,854,784,1485,4060,5746,3803,592,678,891,842,800,1943,4032
,4月,Apr.,,11110,7677,1217,1377,1802,1697,1583,3433,8093,5365,3877,625,701,913,855,783,1488,4060,5745,3800,592,676,889,843,799,1946,4032
,5月,May,,11112,7676,1217,1376,1799,1702,1581,3438,8094,5366,3876,625,700,912,857,782,1490,4062,5747,3799,593,676,888,845,798,1948,4034
,6月,June,,11116,7674,1218,1374,1797,1707,1579,3442,8096,5367,3876,625,699,910,859,781,1492,4062,5749,3799,593,675,886,848,797,1950,4034
,7月,July,,11118,7672,1219,1373,1794,1712,1576,3446,8094,5369,3874,626,699,908,862,781,1493,4063,5751,3797,593,674,884,850,795,1953,4035
,8月,Aug.,,11115,7663,1216,1369,1789,1716,1573,3452,8088,5368,3871,624,697,906,864,779,1496,4059,5747,3793,591,672,882,852,794,1956,4028
,9月,Sept.,,11118,7662,1218,1368,1786,1720,1571,3457,8084,5370,3872,625,696,905,866,779,1498,4058,5749,3791,592,671,880,854,793,1959,4027
,10月,Oct.,,11123,7662,1218,1367,1782,1726,1569,3461,8083,5371,3871,625,696,904,868,777,1500,4056,5752,3791,593,672,880,856,791,1961,4027
,11月,Nov.,,11123,7659,1219,1365,1780,1729,1566,3464,8077,5371,3869,625,696,902,870,776,1502,4053,5752,3790,593,671,878,858,790,1963,4023
,12月,Dec.,,11118,7651,1218,1361,1775,1733,1563,3467,8070,5368,3866,625,693,900,873,775,1504,4049,5750,3785,593,668,876,860,790,1965,4020
平成29年,1月,Jan.,,11117,7642,1218,1361,1770,1734,1558,3475,8057,5368,3862,625,693,897,874,772,1506,4044,5749,3781,593,668,873,860,787,1968,4013
2017,2月,Feb.,,11112,7632,1216,1359,1766,1736,1554,3481,8044,5367,3856,624,692,895,875,770,1509,4039,5746,3775,592,667,871,861,785,1971,4006
,3月,Mar.,,11115,7630,1218,1359,1762,1739,1552,3486,8040,5367,3854,625,692,892,876,769,1512,4037,5748,3775,593,668,869,863,783,1974,4004
,4月,Apr.,,11112,7623,1220,1356,1756,1741,1550,3491,8031,5366,3852,626,690,890,877,768,1514,4031,5747,3771,594,666,866,864,782,1977,4001
,5月,May,,11116,7622,1220,1355,1753,1746,1549,3494,8029,5367,3851,626,690,889,879,767,1516,4030,5749,3771,594,665,864,867,781,1978,3999
,6月,June,,11117,7621,1220,1352,1750,1751,1547,3496,8024,5368,3851,626,689,887,882,767,1517,4028,5749,3770,594,664,863,869,780,1980,3996
,7月,July,,11121,7620,1220,1352,1747,1756,1545,3501,8019,5369,3851,626,689,885,885,766,1518,4025,5752,3770,595,663,862,872,779,1983,3995
,8月,Aug.,,11116,7611,1216,1349,1742,1762,1543,3505,8007,5367,3847,624,687,883,887,765,1520,4020,5749,3765,592,662,859,874,778,1985,3987
,9月,Sept.,,11122,7613,1219,1347,1739,1766,1542,3509,8003,5371,3848,625,687,881,889,764,1522,4019,5752,3765,594,662,858,876,777,1987,3985
,10月,Oct.,,11125,7612,1221,1347,1735,1770,1540,3512,7997,5372,3848,626,686,879,892,763,1524,4016,5753,3764,594,661,856,878,776,1989,3981
,11月,Nov.,,11124,7610,1221,1345,1732,1774,1538,3515,7989,5372,3846,626,685,877,894,763,1525,4013,5753,3763,595,660,854,880,776,1990,3978
,12月,Dec.,,11115,7599,1219,1339,1726,1778,1537,3516,7978,5367,3841,625,682,875,896,762,1526,4006,5749,3758,594,657,851,881,775,1990,3972
平成30年,1月,Jan.,,11114,7592,1220,1338,1721,1780,1534,3523,7963,5367,3838,625,682,873,897,761,1528,4000,5747,3754,594,657,848,882,773,1994,3963
2018,2月,Feb.,,11113,7586,1218,1338,1717,1781,1532,3526,7953,5365,3835,625,681,870,898,760,1530,3994,5747,3751,593,657,846,883,772,1996,3958
,3月,Mar.,,11113,7584,1219,1338,1713,1784,1531,3530,7945,5366,3833,625,682,868,899,760,1532,3992,5748,3751,594,656,845,885,771,1999,3953
,4月,Apr.,,11111,7579,1221,1334,1707,1786,1530,3534,7936,5365,3831,626,680,865,900,760,1533,3987,5747,3748,594,654,842,886,771,2000,3949
,5月,May,,11117,7581,1221,1335,1704,1791,1530,3536,7936,5367,3833,626,681,863,902,759,1535,3986,5751,3749,594,654,841,889,771,2002,3950
,6月,June,,11124,7587,1223,1336,1701,1797,1530,3538,7938,5369,3834,627,681,861,904,759,1536,3986,5755,3753,595,656,840,892,771,2004,3950
,7月,July,,11117,7575,1221,1329,1696,1801,1528,3542,7924,5367,3830,626,678,860,907,759,1537,3982,5750,3745,594,652,836,893,770,2006,3943
,8月,Aug.,,11113,7568,1217,1328,1691,1805,1527,3546,7915,5366,3828,624,677,858,910,758,1538,3978,5748,3741,592,651,833,895,769,2008,3937
,9月,Sept.,,11118,7569,1219,1326,1687,1810,1527,3548,7913,5368,3828,625,676,856,913,758,1540,3976,5750,3741,593,650,832,897,769,2008,3935
,10月,Oct.,,11120,7571,1221,1325,1683,1813,1527,3550,7908,5370,3828,626,676,853,914,758,1541,3975,5751,3742,594,649,829,899,769,2009,3932
,11月,Nov.,,11119,7568,1221,1323,1680,1818,1527,3551,7899,5369,3827,627,675,851,916,758,1541,3971,5750,3741,594,649,828,901,769,2010,3927
,12月,Dec.,,11110,7559,1219,1318,1674,1821,1526,3552,7888,5364,3823,625,672,848,918,758,1542,3964,5747,3736,593,646,826,902,768,2011,3924
平成31年,1月,Jan.,,11114,7558,1220,1320,1670,1823,1523,3557,7878,5367,3823,625,674,846,919,757,1543,3961,5748,3736,594,647,824,903,767,2014,3917
2019,2月,Feb.,,11106,7546,1216,1317,1666,1824,1522,3561,7862,5363,3817,624,673,844,920,756,1545,3954,5743,3729,592,645,822,903,766,2015,3907
,3月,Mar.,,11108,7545,1217,1318,1663,1826,1522,3563,7857,5363,3817,624,673,843,920,756,1546,3951,5745,3729,592,645,820,905,766,2017,3905
,4月,Apr.,,11108,7542,1220,1315,1657,1828,1523,3566,7850,5363,3815,625,671,840,921,756,1548,3947,5745,3727,594,645,817,906,766,2019,3902
令和元年,5月,May,,11112,7546,1219,1316,1654,1832,1525,3567,7848,5366,3816,625,672,839,923,757,1549,3947,5747,3729,594,645,816,908,767,2020,3900
,6月,June,,11113,7544,1219,1315,1650,1835,1526,3569,7841,5366,3816,624,671,836,926,757,1549,3944,5748,3729,593,644,814,910,768,2020,3899
,7月,July,,11116,7546,1219,1315,1647,1839,1526,3571,7838,5367,3817,625,672,834,928,758,1549,3942,5750,3729,594,644,811,912,769,2021,3897
,8月,Aug.,,11111,7539,1215,1313,1642,1843,1527,3573,7828,5366,3814,623,671,832,930,758,1551,3938,5746,3725,591,642,809,913,769,2022,3890
,9月,Sept.,,11113,7537,1215,1311,1638,1847,1527,3576,7821,5367,3814,622,671,830,931,758,1552,3935,5746,3723,591,642,808,914,769,2024,3885
,10月,Oct.,,11118,7541,1216,1314,1634,1850,1528,3578,7819,5370,3817,623,672,829,933,759,1553,3935,5750,3724,592,643,806,916,769,2025,3885
,11月,Nov.,,11119,7540,1215,1313,1632,1852,1528,3580,7813,5371,3816,623,672,827,934,760,1554,3932,5749,3724,592,642,805,917,769,2026,3881
,12月,Dec.,,11107,7529,1212,1307,1627,1853,1529,3580,7797,5365,3809,621,669,825,935,760,1554,3925,5744,3718,590,639,802,917,770,2026,3872
令和 2年,1月,Jan.,,11109,7525,1212,1310,1623,1853,1526,3584,7792,5366,3810,621,670,823,935,759,1555,3923,5744,3716,590,640,800,917,768,2029,3869
2020,2月,Feb.,,11106,7519,1210,1310,1619,1854,1526,3587,7783,5364,3806,620,670,821,935,759,1557,3918,5743,3713,589,641,798,917,768,2031,3864
,3月,Mar.,,11107,7517,1210,1311,1616,1854,1528,3591,7779,5365,3805,620,671,819,935,760,1559,3917,5743,3712,589,641,796,918,768,2033,3862
,4月,Apr.,,11104,7511,1212,1308,1611,1854,1529,3593,7771,5362,3802,621,669,816,936,760,1560,3911,5742,3709,590,639,794,918,769,2034,3859
,5月,May,,11108,7514,1210,1309,1608,1857,1530,3595,7772,5364,3804,619,671,815,937,761,1561,3912,5745,3710,590,639,793,920,769,2034,3860
,6月,June,,11111,7516,1211,1309,1605,1858,1532,3596,7772,5366,3804,620,671,814,937,761,1561,3912,5747,3713,590,639,792,921,770,2035,3860
,7月,July,,11111,7514,1211,1308,1602,1860,1533,3598,7767,5365,3802,620,671,812,937,762,1561,3910,5747,3712,590,640,790,921,771,2036,3857
,8月,Aug.,,11103,7503,1204,1307,1598,1860,1535,3600,7756,5361,3797,616,670,810,938,763,1563,3905,5743,3706,587,638,788,921,772,2038,3851
,9月,Sept.,,11111,7509,1203,1310,1597,1861,1538,3603,7761,5365,3801,616,671,810,939,764,1564,3908,5746,3708,586,639,787,922,774,2039,3853
,10月,Oct.,,11113,7508,1204,1309,1594,1860,1541,3605,7758,5365,3800,617,670,809,938,766,1565,3905,5747,3707,587,638,785,922,775,2040,3851
,11月,Nov.,,11112,7506,1204,1308,1592,1860,1543,3606,7753,5365,3800,617,670,808,939,766,1565,3904,5747,3706,587,638,784,922,776,2040,3850
,12月,Dec.,,11097,7492,1200,1301,1586,1861,1544,3605,7736,5357,3792,615,666,805,939,767,1565,3895,5740,3700,585,634,782,922,777,2040,3841
令和 3年,1月,Jan.,,11100,7491,1202,1304,1583,1864,1538,3609,7730,5359,3792,616,668,803,941,764,1567,3893,5741,3699,586,636,780,923,774,2042,3837
2021,2月,Feb.,,11097,7485,1200,1305,1579,1866,1535,3612,7722,5356,3789,615,669,801,941,762,1568,3887,5741,3697,585,636,778,925,773,2044,3834
,3月,Mar.,,11091,7478,1198,1303,1576,1870,1531,3614,7711,5353,3784,614,668,799,943,760,1569,3882,5738,3694,584,635,777,927,771,2045,3829
,4月,Apr.,,11089,7473,1197,1302,1571,1874,1528,3616,7705,5352,3782,613,667,797,945,759,1570,3879,5737,3691,584,635,775,929,769,2046,3826
,5月,May,,11102,7484,1199,1309,1570,1880,1526,3617,7715,5359,3789,615,671,796,948,758,1570,3885,5743,3696,584,638,774,932,768,2047,3830
,6月,June,,11093,7474,1195,1304,1565,1885,1525,3619,7704,5354,3783,612,668,794,951,757,1571,3879,5740,3692,583,636,772,934,768,2048,3825
,7月,July,,11090,7469,1192,1300,1562,1891,1525,3620,7697,5353,3781,611,666,792,954,758,1572,3876,5737,3688,582,634,769,936,767,2049,3821
,8月,Aug.,,11084,7462,1188,1298,1558,1895,1523,3622,7690,5350,3778,609,665,790,957,757,1572,3873,5733,3684,579,633,767,938,766,2049,3816
,9月,Sept.,,11077,7454,1186,1295,1553,1899,1522,3623,7681,5347,3774,608,663,788,958,756,1573,3869,5731,3680,578,632,765,940,765,2050,3813
,10月,Oct.,,11074,7450,1184,1294,1550,1902,1520,3624,7676,5345,3771,607,663,787,960,755,1573,3866,5729,3679,578,631,764,942,765,2050,3810
,11月,Nov.,,11072,7449,1186,1293,1547,1904,1519,3624,7672,5344,3771,608,662,785,961,755,1573,3864,5728,3678,578,630,762,943,764,2051,3808
,12月,Dec.,,11071,7449,1186,1292,1545,1906,1520,3622,7668,5344,3771,608,662,784,962,756,1572,3863,5727,3677,578,630,761,944,764,2050,3805
令和 4年,1月,Jan.,,11065,7440,1185,1291,1542,1900,1522,3625,7656,5341,3768,607,662,782,960,757,1573,3857,5724,3673,578,630,759,941,766,2051,3799
2022,2月,Feb.,,11060,7433,1183,1290,1539,1897,1526,3626,7647,5338,3764,606,661,781,958,758,1574,3853,5721,3669,577,629,758,939,767,2052,3793
,3月,Mar.,,11054,7426,1180,1288,1536,1893,1530,3627,7638,5335,3761,605,660,779,956,761,1575,3848,5718,3666,575,628,756,937,769,2053,3790
,4月,Apr.,,11041,7415,1176,1284,1531,1891,1533,3627,7626,5329,3755,602,658,777,955,762,1574,3843,5712,3660,573,626,754,936,771,2052,3784
,5月,May,,11032,7407,1172,1281,1527,1890,1537,3626,7617,5324,3750,600,656,775,954,764,1574,3838,5708,3656,571,625,752,935,773,2052,3779
,6月,June,,11026,7400,1168,1278,1524,1890,1540,3626,7610,5320,3747,598,655,773,955,766,1574,3833,5705,3653,569,624,750,935,774,2052,3776
,7月,July,,11023,7396,1165,1277,1521,1890,1544,3626,7605,5319,3745,597,654,772,954,768,1574,3832,5704,3651,568,623,749,935,776,2052,3773
,8月,Aug.,,11022,7395,1163,1277,1517,1889,1548,3627,7601,5319,3745,596,654,770,954,770,1574,3831,5703,3650,567,623,747,935,778,2053,3772
,9月,Sept.,,11033,7406,1170,1280,1515,1889,1552,3627,7610,5325,3751,600,656,769,955,772,1574,3836,5707,3655,570,624,746,935,780,2053,3773
,10月,Oct.,,11037,7412,1174,1281,1512,1889,1555,3625,7612,5328,3755,602,657,768,955,774,1573,3837,5709,3657,572,625,744,935,782,2052,3775
,11月,Nov.,,11037,7414,1175,1282,1510,1889,1557,3623,7610,5328,3755,603,657,767,954,775,1572,3837,5709,3658,572,625,744,935,783,2051,3773
,12月,Dec.,,11032,7411,1176,1280,1507,1888,1560,3621,7606,5326,3755,603,656,765,954,776,1571,3835,5707,3657,572,624,742,934,784,2050,3772
令和 5年,1月,Jan.,,11022,7400,1173,1279,1503,1885,1559,3623,7592,5321,3749,602,656,763,953,776,1572,3828,5701,3650,571,624,740,933,783,2051,3764
2023,2月,Feb.,,11012,7391,1170,1278,1500,1883,1560,3621,7582,5316,3745,601,655,762,952,776,1571,3823,5696,3646,569,623,738,932,784,2050,3759
,3月,Mar.,,11012,7393,1170,1281,1498,1882,1562,3619,7583,5316,3747,601,657,761,951,777,1570,3824,5696,3646,569,624,737,931,785,2049,3760
,4月,Apr.,,11018,7397,1175,1283,1495,1880,1564,3621,7585,5320,3750,604,658,759,950,778,1571,3826,5697,3647,571,625,736,930,786,2050,3758
,5月,May,,11022,7400,1179,1283,1491,1880,1567,3622,7586,5323,3751,606,658,757,950,780,1571,3828,5699,3649,573,625,734,930,787,2051,3758
,6月,June,,11028,7405,1180,1285,1490,1880,1570,3622,7591,5326,3754,607,660,757,950,781,1572,3830,5701,3651,574,626,733,930,788,2051,3760
,7月,July,,11029,7405,1179,1287,1487,1879,1573,3623,7589,5327,3755,606,661,755,950,783,1572,3830,5701,3650,573,626,731,930,790,2051,3758
,8月,Aug.,,11023,7400,1177,1287,1483,1877,1576,3623,7583,5326,3754,605,661,754,949,785,1572,3829,5697,3646,571,626,729,928,791,2051,3755
,9月,Sept.,,11015,7393,1175,1283,1480,1876,1579,3622,7575,5322,3750,604,659,752,949,786,1571,3824,5694,3643,571,624,728,928,792,2051,3751
,10月,Oct.,,11015,7392,1173,1284,1479,1876,1581,3623,7574,5322,3750,603,660,752,948,787,1572,3824,5694,3642,570,625,727,927,794,2051,3751
,11月,Nov.,,11011,7388,1173,1283,1476,1874,1582,3623,7571,5319,3748,603,659,751,948,788,1572,3821,5692,3640,570,624,726,927,794,2051,3749
,12月,Dec.,,11000,7380,1172,1280,1472,1872,1585,3620,7562,5314,3744,602,657,748,947,789,1570,3818,5686,3636,570,623,723,925,796,2050,3744
令和 6年,1月,Jan.,,10993,7373,1169,1280,1470,1868,1585,3620,7553,5311,3740,601,658,748,945,790,1570,3814,5682,3632,568,623,722,923,795,2050,3739
2024,2月,Feb.,,10994,7371,1169,1283,1468,1866,1586,3623,7551,5312,3741,601,659,747,944,790,1571,3814,5682,3630,568,623,721,922,796,2051,3737
,3月,Mar.,,10999,7374,1171,1286,1466,1863,1588,3625,7555,5315,3742,602,661,746,942,791,1573,3816,5684,3632,569,625,720,921,797,2053,3739
,4月,Apr.,,10995,7369,1172,1284,1463,1859,1590,3626,7550,5313,3740,603,660,744,941,792,1573,3814,5682,3629,569,624,719,919,798,2053,3736
,5月,May,,10994,7368,1172,1286,1460,1858,1593,3626,7550,5313,3740,603,662,743,939,794,1573,3815,5682,3628,569,624,717,918,799,2053,3736
,6月,June,,11002,7376,1174,1289,1459,1857,1596,3626,7557,5316,3744,604,663,742,939,795,1573,3818,5686,3633,570,626,717,918,801,2053,3740
,7月,July,,10995,7369,1172,1288,1454,1855,1600,3626,7550,5313,3741,603,662,740,938,797,1573,3814,5681,3628,569,625,714,917,803,2053,3735
,8月,Aug.,,10992,7366,1168,1289,1452,1854,1603,3625,7547,5312,3740,601,663,739,938,799,1572,3813,5679,3626,567,626,713,916,804,2053,3733
,9月,Sept.,,10996,7371,1172,1291,1449,1853,1606,3624,7551,5315,3743,603,664,738,937,800,1572,3816,5681,3628,569,626,712,916,806,2053,3735
,10月,Oct.,,10998,7375,1174,1292,1447,1853,1609,3624,7552,5316,3745,605,665,736,937,802,1571,3817,5682,3630,570,627,711,916,807,2052,3735
,11月,Nov.,,10997,7374,1174,1292,1445,1852,1611,3623,7551,5315,3744,605,665,735,936,803,1571,3816,5681,3629,570,627,710,915,808,2052,3734
,12月,Dec.,,10984,7363,1173,1287,1440,1849,1614,3621,7539,5308,3738,603,662,733,935,804,1570,3810,5676,3625,569,625,707,914,810,2051,3729
令和 7年,1月,Jan.,,10982,7360,1171,1290,1439,1845,1615,3622,7533,5308,3738,603,664,733,933,805,1570,3808,5674,3623,568,626,707,912,810,2052,3725
2025,2月,Feb.,,10976,7354,1168,1291,1437,1842,1616,3621,7527,5305,3735,601,665,731,932,806,1570,3805,5671,3620,567,627,705,910,811,2052,3722
,3月,Mar.,,10975,7355,1168,1295,1435,1839,1618,3620,7530,5304,3736,601,667,731,930,807,1569,3806,5670,3620,567,628,704,909,812,2051,3722
,4月,Apr.,,10972,7352,1172,1293,1432,1835,1620,3620,7525,5303,3734,603,666,729,928,808,1569,3805,5669,3618,569,627,703,907,813,2051,3721
,5月,May,,10976,7355,1172,1296,1430,1833,1624,3621,7528,5305,3735,603,668,728,927,810,1569,3806,5671,3620,569,629,702,906,814,2051,3723
,6月,June,,10972,7352,1171,1294,1428,1831,1628,3620,7524,5303,3734,603,666,727,926,812,1569,3804,5669,3618,569,628,701,905,816,2051,3720
,7月,July,,10976,7356,1172,1298,1426,1828,1632,3620,7527,5305,3737,603,669,726,924,814,1569,3806,5671,3619,569,629,699,904,818,2051,3722
,8月,Aug.,,10967,7348,1166,1298,1423,1825,1636,3619,7519,5302,3733,600,669,725,923,816,1568,3804,5666,3615,566,629,698,902,820,2051,3717
,9月,Sept.,,10974,7353,1169,1300,1421,1824,1639,3621,7524,5305,3736,602,670,724,923,818,1569,3805,5669,3617,567,630,697,901,822,2052,3719
,10月,Oct.,,10975,7354,1170,1301,1419,1822,1642,3621,7523,5306,3737,603,671,723,922,819,1569,3805,5669,3617,568,631,696,900,823,2052,3718
,11月,Nov.,,10975,7354,1170,1303,1417,1819,1645,3621,7522,5306,3737,602,671,722,921,820,1569,3804,5669,3617,567,631,695,899,824,2052,3718
,12月,Dec.,,10957,7340,1167,1297,1412,1815,1648,3618,7507,5297,3729,601,668,720,918,822,1567,3796,5661,3611,566,629,693,897,826,2050,3711
令和 8年,1月,Jan.,,10951,7335,1165,1299,1412,1810,1650,3616,7501,5294,3728,600,669,719,916,823,1567,3794,5657,3608,565,630,692,894,826,2050,3706
2026,2月,Feb.,,10953,7336,1164,1303,1411,1807,1652,3617,7501,5296,3729,599,672,719,914,824,1567,3795,5658,3607,564,631,692,892,828,2050,3707
,3月,Mar.,,10956,7337,1164,1306,1409,1803,1654,3619,7504,5298,3730,600,673,719,912,826,1568,3798,5659,3608,565,633,691,890,829,2051,3708
,4月,Apr.,,,,,,,,,,,,,,,,,,,,,,,,,,,,
,5月,May,,,,,,,,,,,,,,,,,,,,,,,,,,,,
,6月,June,,,,,,,,,,,,,,,,,,,,,,,,,,,,
,7月,July,,,,,,,,,,,,,,,,,,,,,,,,,,,,
,8月,Aug.,,,,,,,,,,,,,,,,,,,,,,,,,,,,
,9月,Sept.,,,,,,,,,,,,,,,,,,,,,,,,,,,,
,10月,Oct.,,,,,,,,,,,,,,,,,,,,,,,,,,,,
,11月,Nov.,,,,,,,,,,,,,,,,,,,,,,,,,,,,
,12月,Dec.,,,,,,,,,,,,,,,,,,,,,,,,,,,,
,,,,,,,,,,,,,,,,,,,,,,,,,,,,,,
,,,,,,,,,,,,,,,,,,,,,,,,,,,,,,
,,,,「※注_Notes」シートを参照,,,,,,,,,「※注_Notes」シートを参照,,,,,,,,,「※注_Notes」シートを参照,,,,,,,,
,,,,"Please refer to ""※注_Notes"" the sheet. ",,,,,,,,,"Please refer to ""※注_Notes"" the sheet. ",,,,,,,,,"Please refer to ""※注_Notes"" the sheet. ",,,,,,,,
