"year","size","category","value_yen"
"2005","1","消費支出","177343"
"2005","2","消費支出","258167"
"2005","3","消費支出","308690"
"2005","4","消費支出","330376"
"2005","5+","消費支出","354430.2711111111"
"2005","1","食料","39131"
"2005","2","食料","58012"
"2005","3","食料","67799"
"2005","4","食料","76907"
"2005","5+","食料","86736.28962962962"
"2005","1","住居","23606"
"2005","2","住居","20304"
"2005","3","住居","23191"
"2005","4","住居","16904"
"2005","5+","住居","12815.054814814815"
"2005","1","光熱・水道","9894"
"2005","2","光熱・水道","17916"
"2005","3","光熱・水道","21268"
"2005","4","光熱・水道","23383"
"2005","5+","光熱・水道","28822.27259259259"
"2005","1","家具・家事用品","4399"
"2005","2","家具・家事用品","9340"
"2005","3","家具・家事用品","10445"
"2005","4","家具・家事用品","10153"
"2005","5+","家具・家事用品","11106.177777777777"
"2005","1","被服及び履物","7257"
"2005","2","被服及び履物","10933"
"2005","3","被服及び履物","13541"
"2005","4","被服及び履物","15643"
"2005","5+","被服及び履物","15880.114074074074"
"2005","1","保健医療","5980"
"2005","2","保健医療","13531"
"2005","3","保健医療","13024"
"2005","4","保健医療","12582"
"2005","5+","保健医療","12305.375555555556"
"2005","1","交通・通信","24300"
"2005","2","交通・通信","29574"
"2005","3","交通・通信","41465"
"2005","4","交通・通信","45430"
"2005","5+","交通・通信","48072.328148148146"
"2005","1","教育","172"
"2005","2","教育","368"
"2005","3","教育","7766"
"2005","4","教育","26492"
"2005","5+","教育","31917.396296296298"
"2005","1","教養娯楽","22185"
"2005","2","教養娯楽","28012"
"2005","3","教養娯楽","30379"
"2005","4","教養娯楽","33529"
"2005","5+","教養娯楽","34327.27925925926"
"2005","1","その他の消費支出","40419"
"2005","2","その他の消費支出","70178"
"2005","3","その他の消費支出","79813"
"2005","4","その他の消費支出","69353"
"2005","5+","その他の消費支出","72448.29925925926"
"2006","1","消費支出","163699"
"2006","2","消費支出","254610"
"2006","3","消費支出","296211"
"2006","4","消費支出","329594"
"2006","5+","消費支出","351179.55175038055"
"2006","1","食料","37422"
"2006","2","食料","57760"
"2006","3","食料","66676"
"2006","4","食料","76207"
"2006","5+","食料","87317.12861491629"
"2006","1","住居","23153"
"2006","2","住居","18975"
"2006","3","住居","20733"
"2006","4","住居","17655"
"2006","5+","住居","11347.36301369863"
"2006","1","光熱・水道","10267"
"2006","2","光熱・水道","18713"
"2006","3","光熱・水道","22078"
"2006","4","光熱・水道","24117"
"2006","5+","光熱・水道","29949.5"
"2006","1","家具・家事用品","4044"
"2006","2","家具・家事用品","8909"
"2006","3","家具・家事用品","9897"
"2006","4","家具・家事用品","10392"
"2006","5+","家具・家事用品","10713.565449010655"
"2006","1","被服及び履物","7901"
"2006","2","被服及び履物","10276"
"2006","3","被服及び履物","12768"
"2006","4","被服及び履物","15542"
"2006","5+","被服及び履物","15367.743531202435"
"2006","1","保健医療","5668"
"2006","2","保健医療","13455"
"2006","3","保健医療","12191"
"2006","4","保健医療","12216"
"2006","5+","保健医療","12969.279299847793"
"2006","1","交通・通信","20587"
"2006","2","交通・通信","28945"
"2006","3","交通・通信","40710"
"2006","4","交通・通信","44633"
"2006","5+","交通・通信","46911.47260273973"
"2006","1","教育","8"
"2006","2","教育","503"
"2006","3","教育","8921"
"2006","4","教育","26098"
"2006","5+","教育","32350.24505327245"
"2006","1","教養娯楽","20565"
"2006","2","教養娯楽","27248"
"2006","3","教養娯楽","28382"
"2006","4","教養娯楽","33316"
"2006","5+","教養娯楽","35794.605783866056"
"2006","1","その他の消費支出","34084"
"2006","2","その他の消費支出","69827"
"2006","3","その他の消費支出","73854"
"2006","4","その他の消費支出","69419"
"2006","5+","その他の消費支出","68458.96727549467"
"2007","1","消費支出","169153"
"2007","2","消費支出","258916"
"2007","3","消費支出","304834"
"2007","4","消費支出","327848"
"2007","5+","消費支出","348924.4862745098"
"2007","1","食料","38114"
"2007","2","食料","58560"
"2007","3","食料","68060"
"2007","4","食料","75593"
"2007","5+","食料","87461.0768627451"
"2007","1","住居","22733"
"2007","2","住居","17457"
"2007","3","住居","21708"
"2007","4","住居","17229"
"2007","5+","住居","12994.860392156863"
"2007","1","光熱・水道","10245"
"2007","2","光熱・水道","18423"
"2007","3","光熱・水道","21883"
"2007","4","光熱・水道","23653"
"2007","5+","光熱・水道","28407.687843137253"
"2007","1","家具・家事用品","4745"
"2007","2","家具・家事用品","8987"
"2007","3","家具・家事用品","10006"
"2007","4","家具・家事用品","10002"
"2007","5+","家具・家事用品","10771.972549019607"
"2007","1","被服及び履物","7440"
"2007","2","被服及び履物","10479"
"2007","3","被服及び履物","13539"
"2007","4","被服及び履物","15160"
"2007","5+","被服及び履物","15261.475294117647"
"2007","1","保健医療","5774"
"2007","2","保健医療","14099"
"2007","3","保健医療","13240"
"2007","4","保健医療","11492"
"2007","5+","保健医療","12669.825882352941"
"2007","1","交通・通信","21936"
"2007","2","交通・通信","30269"
"2007","3","交通・通信","39203"
"2007","4","交通・通信","44049"
"2007","5+","交通・通信","48956.36705882353"
"2007","1","教育","26"
"2007","2","教育","304"
"2007","3","教育","8865"
"2007","4","教育","28230"
"2007","5+","教育","31266.009411764706"
"2007","1","教養娯楽","21734"
"2007","2","教養娯楽","28046"
"2007","3","教養娯楽","30283"
"2007","4","教養娯楽","34648"
"2007","5+","教養娯楽","34812.99764705882"
"2007","1","その他の消費支出","36406"
"2007","2","その他の消費支出","72291"
"2007","3","その他の消費支出","78048"
"2007","4","その他の消費支出","67792"
"2007","5+","その他の消費支出","66322.88470588236"
"2008","1","消費支出","171602"
"2008","2","消費支出","258123"
"2008","3","消費支出","296541"
"2008","4","消費支出","335552"
"2008","5+","消費支出","351014.51005631534"
"2008","1","食料","39409"
"2008","2","食料","59440"
"2008","3","食料","68451"
"2008","4","食料","76511"
"2008","5+","食料","86909.67739340306"
"2008","1","住居","24047"
"2008","2","住居","16670"
"2008","3","住居","19637"
"2008","4","住居","16144"
"2008","5+","住居","13278.908286403861"
"2008","1","光熱・水道","10996"
"2008","2","光熱・水道","19432"
"2008","3","光熱・水道","22890"
"2008","4","光熱・水道","24740"
"2008","5+","光熱・水道","29486.243765084473"
"2008","1","家具・家事用品","4131"
"2008","2","家具・家事用品","9113"
"2008","3","家具・家事用品","10109"
"2008","4","家具・家事用品","10684"
"2008","5+","家具・家事用品","11219.16814159292"
"2008","1","被服及び履物","7772"
"2008","2","被服及び履物","10090"
"2008","3","被服及び履物","12352"
"2008","4","被服及び履物","15769"
"2008","5+","被服及び履物","14740.48431214803"
"2008","1","保健医療","6108"
"2008","2","保健医療","13319"
"2008","3","保健医療","12511"
"2008","4","保健医療","11834"
"2008","5+","保健医療","12288.24698310539"
"2008","1","交通・通信","21748"
"2008","2","交通・通信","30279"
"2008","3","交通・通信","39370"
"2008","4","交通・通信","48712"
"2008","5+","交通・通信","49524.118262268705"
"2008","1","教育","4"
"2008","2","教育","533"
"2008","3","教育","8438"
"2008","4","教育","27944"
"2008","5+","教育","32857.26870474658"
"2008","1","教養娯楽","20770"
"2008","2","教養娯楽","29219"
"2008","3","教養娯楽","29188"
"2008","4","教養娯楽","35379"
"2008","5+","教養娯楽","35514.761061946905"
"2008","1","その他の消費支出","36617"
"2008","2","その他の消費支出","70028"
"2008","3","その他の消費支出","73596"
"2008","4","その他の消費支出","67835"
"2008","5+","その他の消費支出","65194.218825422366"
"2009","1","消費支出","162731"
"2009","2","消費支出","253318"
"2009","3","消費支出","295673"
"2009","4","消費支出","325326"
"2009","5+","消費支出","348303.24916943524"
"2009","1","食料","37572"
"2009","2","食料","58886"
"2009","3","食料","68450"
"2009","4","食料","75227"
"2009","5+","食料","86533.56727574751"
"2009","1","住居","21705"
"2009","2","住居","17128"
"2009","3","住居","19676"
"2009","4","住居","15847"
"2009","5+","住居","13144.765780730897"
"2009","1","光熱・水道","10649"
"2009","2","光熱・水道","18500"
"2009","3","光熱・水道","21957"
"2009","4","光熱・水道","23467"
"2009","5+","光熱・水道","28336.992524916943"
"2009","1","家具・家事用品","4796"
"2009","2","家具・家事用品","9152"
"2009","3","家具・家事用品","10337"
"2009","4","家具・家事用品","10448"
"2009","5+","家具・家事用品","11036.864617940199"
"2009","1","被服及び履物","7167"
"2009","2","被服及び履物","9647"
"2009","3","被服及び履物","12066"
"2009","4","被服及び履物","14661"
"2009","5+","被服及び履物","14687.102159468439"
"2009","1","保健医療","5806"
"2009","2","保健医療","13523"
"2009","3","保健医療","13401"
"2009","4","保健医療","12160"
"2009","5+","保健医療","12078.265780730897"
"2009","1","交通・通信","20559"
"2009","2","交通・通信","29883"
"2009","3","交通・通信","38521"
"2009","4","交通・通信","47171"
"2009","5+","交通・通信","47434.03571428572"
"2009","1","教育","21"
"2009","2","教育","393"
"2009","3","教育","8819"
"2009","4","教育","28214"
"2009","5+","教育","34827.900332225916"
"2009","1","教養娯楽","21512"
"2009","2","教養娯楽","28173"
"2009","3","教養娯楽","30099"
"2009","4","教養娯楽","35108"
"2009","5+","教養娯楽","36998.91943521595"
"2009","1","その他の消費支出","32945"
"2009","2","その他の消費支出","68034"
"2009","3","その他の消費支出","72348"
"2009","4","その他の消費支出","63023"
"2009","5+","その他の消費支出","63224.835548172756"
"2010","1","消費支出","162009"
"2010","2","消費支出","253367"
"2010","3","消費支出","298349"
"2010","4","消費支出","319743"
"2010","5+","消費支出","344421.6707105719"
"2010","1","食料","37364"
"2010","2","食料","58616"
"2010","3","食料","67637"
"2010","4","食料","74062"
"2010","5+","食料","86223.25129982669"
"2010","1","住居","20976"
"2010","2","住居","18417"
"2010","3","住居","20272"
"2010","4","住居","18025"
"2010","5+","住居","12879.608318890814"
"2010","1","光熱・水道","10737"
"2010","2","光熱・水道","18831"
"2010","3","光熱・水道","22169"
"2010","4","光熱・水道","23805"
"2010","5+","光熱・水道","28813.07798960139"
"2010","1","家具・家事用品","4366"
"2010","2","家具・家事用品","9590"
"2010","3","家具・家事用品","10814"
"2010","4","家具・家事用品","10376"
"2010","5+","家具・家事用品","11206.561525129982"
"2010","1","被服及び履物","6449"
"2010","2","被服及び履物","8964"
"2010","3","被服及び履物","11999"
"2010","4","被服及び履物","13993"
"2010","5+","被服及び履物","14448.175043327556"
"2010","1","保健医療","6238"
"2010","2","保健医療","13455"
"2010","3","保健医療","12317"
"2010","4","保健医療","11538"
"2010","5+","保健医療","11542.357019064124"
"2010","1","交通・通信","20299"
"2010","2","交通・通信","30738"
"2010","3","交通・通信","42831"
"2010","4","交通・通信","44354"
"2010","5+","交通・通信","48734.648180242635"
"2010","1","教育","316"
"2010","2","教育","450"
"2010","3","教育","7926"
"2010","4","教育","26350"
"2010","5+","教育","31721.774696707107"
"2010","1","教養娯楽","20956"
"2010","2","教養娯楽","29047"
"2010","3","教養娯楽","30782"
"2010","4","教養娯楽","35549"
"2010","5+","教養娯楽","37190.26516464471"
"2010","1","その他の消費支出","34308"
"2010","2","その他の消費支出","65259"
"2010","3","その他の消費支出","71601"
"2010","4","その他の消費支出","61691"
"2010","5+","その他の消費支出","61661.218370883886"
"2011","1","消費支出","160891"
"2011","2","消費支出","251783"
"2011","3","消費支出","282387"
"2011","4","消費支出","313698"
"2011","5+","消費支出","336592.6814946619"
"2011","1","食料","37775"
"2011","2","食料","58319"
"2011","3","食料","66602"
"2011","4","食料","73565"
"2011","5+","食料","85578.94572953737"
"2011","1","住居","21438"
"2011","2","住居","19638"
"2011","3","住居","20097"
"2011","4","住居","19113"
"2011","5+","住居","12793.506227758007"
"2011","1","光熱・水道","10875"
"2011","2","光熱・水道","18949"
"2011","3","光熱・水道","22376"
"2011","4","光熱・水道","23428"
"2011","5+","光熱・水道","28929.949288256226"
"2011","1","家具・家事用品","4744"
"2011","2","家具・家事用品","9311"
"2011","3","家具・家事用品","10374"
"2011","4","家具・家事用品","10743"
"2011","5+","家具・家事用品","10800.564056939502"
"2011","1","被服及び履物","6392"
"2011","2","被服及び履物","9050"
"2011","3","被服及び履物","11261"
"2011","4","被服及び履物","14129"
"2011","5+","被服及び履物","14697.20284697509"
"2011","1","保健医療","6216"
"2011","2","保健医療","14114"
"2011","3","保健医療","12382"
"2011","4","保健医療","11096"
"2011","5+","保健医療","11406.053380782918"
"2011","1","交通・通信","19500"
"2011","2","交通・通信","28935"
"2011","3","交通・通信","38040"
"2011","4","交通・通信","43243"
"2011","5+","交通・通信","47005.06316725979"
"2011","1","教育","4"
"2011","2","教育","393"
"2011","3","教育","7847"
"2011","4","教育","26766"
"2011","5+","教育","31230.603202846974"
"2011","1","教養娯楽","19982"
"2011","2","教養娯楽","26784"
"2011","3","教養娯楽","27848"
"2011","4","教養娯楽","32296"
"2011","5+","教養娯楽","33791.792704626336"
"2011","1","その他の消費支出","33965"
"2011","2","その他の消費支出","66290"
"2011","3","その他の消費支出","65561"
"2011","4","その他の消費支出","59320"
"2011","5+","その他の消費支出","60359.000889679715"
"2012","1","消費支出","156450"
"2012","2","消費支出","252962"
"2012","3","消費支出","290981"
"2012","4","消費支出","317474"
"2012","5+","消費支出","335539.35890410957"
"2012","1","食料","37726"
"2012","2","食料","58594"
"2012","3","食料","67718"
"2012","4","食料","74056"
"2012","5+","食料","84968.32420091324"
"2012","1","住居","20695"
"2012","2","住居","18815"
"2012","3","住居","20138"
"2012","4","住居","16473"
"2012","5+","住居","15048.636529680365"
"2012","1","光熱・水道","11404"
"2012","2","光熱・水道","19753"
"2012","3","光熱・水道","23215"
"2012","4","光熱・水道","24802"
"2012","5+","光熱・水道","29287.40182648402"
"2012","1","家具・家事用品","4869"
"2012","2","家具・家事用品","9452"
"2012","3","家具・家事用品","10350"
"2012","4","家具・家事用品","10651"
"2012","5+","家具・家事用品","11010.454794520549"
"2012","1","被服及び履物","5880"
"2012","2","被服及び履物","9093"
"2012","3","被服及び履物","11394"
"2012","4","被服及び履物","14328"
"2012","5+","被服及び履物","14610.553424657533"
"2012","1","保健医療","6640"
"2012","2","保健医療","13791"
"2012","3","保健医療","12836"
"2012","4","保健医療","11100"
"2012","5+","保健医療","12217.07488584475"
"2012","1","交通・通信","18979"
"2012","2","交通・通信","31672"
"2012","3","交通・通信","42890"
"2012","4","交通・通信","48632"
"2012","5+","交通・通信","47641.26392694064"
"2012","1","教育","0"
"2012","2","教育","354"
"2012","3","教育","8598"
"2012","4","教育","27403"
"2012","5+","教育","28953.440182648403"
"2012","1","教養娯楽","18496"
"2012","2","教養娯楽","26102"
"2012","3","教養娯楽","26499"
"2012","4","教養娯楽","32279"
"2012","5+","教養娯楽","34440.98630136986"
"2012","1","その他の消費支出","31761"
"2012","2","その他の消費支出","65336"
"2012","3","その他の消費支出","67342"
"2012","4","その他の消費支出","57749"
"2012","5+","その他の消費支出","57362.222831050225"
"2013","1","消費支出","160776"
"2013","2","消費支出","256314"
"2013","3","消費支出","295283"
"2013","4","消費支出","326668"
"2013","5+","消費支出","337481.98308270675"
"2013","1","食料","37831"
"2013","2","食料","59819"
"2013","3","食料","69547"
"2013","4","食料","75693"
"2013","5+","食料","85996.1090225564"
"2013","1","住居","21872"
"2013","2","住居","18468"
"2013","3","住居","20983"
"2013","4","住居","17294"
"2013","5+","住居","12752.016917293233"
"2013","1","光熱・水道","11863"
"2013","2","光熱・水道","20159"
"2013","3","光熱・水道","23788"
"2013","4","光熱・水道","25252"
"2013","5+","光熱・水道","29796.228383458645"
"2013","1","家具・家事用品","4959"
"2013","2","家具・家事用品","9678"
"2013","3","家具・家事用品","10747"
"2013","4","家具・家事用品","10549"
"2013","5+","家具・家事用品","11317.882518796992"
"2013","1","被服及び履物","5818"
"2013","2","被服及び履物","9367"
"2013","3","被服及び履物","11683"
"2013","4","被服及び履物","14923"
"2013","5+","被服及び履物","14762.38439849624"
"2013","1","保健医療","6907"
"2013","2","保健医療","13565"
"2013","3","保健医療","12426"
"2013","4","保健医療","12104"
"2013","5+","保健医療","11843.310150375939"
"2013","1","交通・通信","19769"
"2013","2","交通・通信","32800"
"2013","3","交通・通信","44555"
"2013","4","交通・通信","50057"
"2013","5+","交通・通信","49859.67669172932"
"2013","1","教育","24"
"2013","2","教育","446"
"2013","3","教育","8648"
"2013","4","教育","26402"
"2013","5+","教育","31368.938909774435"
"2013","1","教養娯楽","18874"
"2013","2","教養娯楽","26245"
"2013","3","教養娯楽","27950"
"2013","4","教養娯楽","33547"
"2013","5+","教養娯楽","32601.264097744363"
"2013","1","その他の消費支出","32860"
"2013","2","その他の消費支出","65767"
"2013","3","その他の消費支出","64956"
"2013","4","その他の消費支出","60847"
"2013","5+","その他の消費支出","57184.44360902256"
"2014","1","消費支出","162002"
"2014","2","消費支出","258213"
"2014","3","消費支出","295788"
"2014","4","消費支出","325871"
"2014","5+","消費支出","342600.5657640232"
"2014","1","食料","38539"
"2014","2","食料","61142"
"2014","3","食料","70805"
"2014","4","食料","77875"
"2014","5+","食料","87217.20212765958"
"2014","1","住居","21657"
"2014","2","住居","17818"
"2014","3","住居","20410"
"2014","4","住居","16731"
"2014","5+","住居","14444.786266924564"
"2014","1","光熱・水道","11849"
"2014","2","光熱・水道","20917"
"2014","3","光熱・水道","24425"
"2014","4","光熱・水道","25728"
"2014","5+","光熱・水道","29991.80077369439"
"2014","1","家具・家事用品","4745"
"2014","2","家具・家事用品","9803"
"2014","3","家具・家事用品","11027"
"2014","4","家具・家事用品","11085"
"2014","5+","家具・家事用品","12114.802707930368"
"2014","1","被服及び履物","6404"
"2014","2","被服及び履物","9586"
"2014","3","被服及び履物","12358"
"2014","4","被服及び履物","14936"
"2014","5+","被服及び履物","14736.293036750483"
"2014","1","保健医療","6962"
"2014","2","保健医療","13656"
"2014","3","保健医療","13095"
"2014","4","保健医療","11328"
"2014","5+","保健医療","11996.67408123791"
"2014","1","交通・通信","19681"
"2014","2","交通・通信","33564"
"2014","3","交通・通信","43648"
"2014","4","交通・通信","51343"
"2014","5+","交通・通信","52147.477756286266"
"2014","1","教育","0"
"2014","2","教育","311"
"2014","3","教育","7856"
"2014","4","教育","26439"
"2014","5+","教育","29930.81914893617"
"2014","1","教養娯楽","19135"
"2014","2","教養娯楽","26680"
"2014","3","教養娯楽","28413"
"2014","4","教養娯楽","32081"
"2014","5+","教養娯楽","33070.55996131528"
"2014","1","その他の消費支出","33030"
"2014","2","その他の消費支出","64736"
"2014","3","その他の消費支出","63750"
"2014","4","その他の消費支出","58326"
"2014","5+","その他の消費支出","56950.88974854932"
"2015","1","消費支出","160057"
"2015","2","消費支出","257037"
"2015","3","消費支出","293484"
"2015","4","消費支出","314903"
"2015","5+","消費支出","343620.316851665"
"2015","1","食料","40202"
"2015","2","食料","63028"
"2015","3","食料","72858"
"2015","4","食料","79387"
"2015","5+","食料","91159.67810292634"
"2015","1","住居","20349"
"2015","2","住居","18765"
"2015","3","住居","20263"
"2015","4","住居","15321"
"2015","5+","住居","13694.17053481332"
"2015","1","光熱・水道","11667"
"2015","2","光熱・水道","20348"
"2015","3","光熱・水道","23852"
"2015","4","光熱・水道","24975"
"2015","5+","光熱・水道","29986.185671039355"
"2015","1","家具・家事用品","4413"
"2015","2","家具・家事用品","9346"
"2015","3","家具・家事用品","11373"
"2015","4","家具・家事用品","11012"
"2015","5+","家具・家事用品","11668.100908173563"
"2015","1","被服及び履物","6512"
"2015","2","被服及び履物","8998"
"2015","3","被服及び履物","11837"
"2015","4","被服及び履物","14043"
"2015","5+","被服及び履物","14599.772956609486"
"2015","1","保健医療","7107"
"2015","2","保健医療","13932"
"2015","3","保健医療","12396"
"2015","4","保健医療","10891"
"2015","5+","保健医療","11653.192734611504"
"2015","1","交通・通信","18717"
"2015","2","交通・通信","33748"
"2015","3","交通・通信","41788"
"2015","4","交通・通信","45675"
"2015","5+","交通・通信","52736.2068617558"
"2015","1","教育","0"
"2015","2","教育","515"
"2015","3","教育","8392"
"2015","4","教育","26658"
"2015","5+","教育","29625.765893037336"
"2015","1","教養娯楽","17771"
"2015","2","教養娯楽","26176"
"2015","3","教養娯楽","26922"
"2015","4","教養娯楽","31819"
"2015","5+","教養娯楽","33751.543895055496"
"2015","1","その他の消費支出","33318"
"2015","2","その他の消費支出","62181"
"2015","3","その他の消費支出","63803"
"2015","4","その他の消費支出","55121"
"2015","5+","その他の消費支出","54746.43289606458"
"2016","1","消費支出","158911"
"2016","2","消費支出","251440"
"2016","3","消費支出","286969"
"2016","4","消費支出","314599"
"2016","5+","消費支出","338523.34920634923"
"2016","1","食料","39808"
"2016","2","食料","64502"
"2016","3","食料","74060"
"2016","4","食料","80704"
"2016","5+","食料","91406.84126984127"
"2016","1","住居","20169"
"2016","2","住居","17713"
"2016","3","住居","18088"
"2016","4","住居","15125"
"2016","5+","住居","11390.380952380952"
"2016","1","光熱・水道","11028"
"2016","2","光熱・水道","18647"
"2016","3","光熱・水道","21835"
"2016","4","光熱・水道","22936"
"2016","5+","光熱・水道","27022.196825396826"
"2016","1","家具・家事用品","5343"
"2016","2","家具・家事用品","9396"
"2016","3","家具・家事用品","10866"
"2016","4","家具・家事用品","10847"
"2016","5+","家具・家事用品","11958.419047619047"
"2016","1","被服及び履物","5554"
"2016","2","被服及び履物","8397"
"2016","3","被服及び履物","11119"
"2016","4","被服及び履物","14276"
"2016","5+","被服及び履物","14094.850793650794"
"2016","1","保健医療","6720"
"2016","2","保健医療","13546"
"2016","3","保健医療","13391"
"2016","4","保健医療","11211"
"2016","5+","保健医療","12134.44126984127"
"2016","1","交通・通信","18640"
"2016","2","交通・通信","30998"
"2016","3","交通・通信","42212"
"2016","4","交通・通信","46152"
"2016","5+","交通・通信","51729.31428571429"
"2016","1","教育","12"
"2016","2","教育","357"
"2016","3","教育","8497"
"2016","4","教育","28375"
"2016","5+","教育","31765.336507936507"
"2016","1","教養娯楽","19230"
"2016","2","教養娯楽","26266"
"2016","3","教養娯楽","27100"
"2016","4","教養娯楽","30999"
"2016","5+","教養娯楽","33505.93650793651"
"2016","1","その他の消費支出","32406"
"2016","2","その他の消費支出","61619"
"2016","3","その他の消費支出","59800"
"2016","4","その他の消費支出","53975"
"2016","5+","その他の消費支出","53515.86666666667"
"2017","1","消費支出","161623"
"2017","2","消費支出","255320"
"2017","3","消費支出","286714"
"2017","4","消費支出","313151"
"2017","5+","消費支出","337737.76232201536"
"2017","1","食料","39649"
"2017","2","食料","64730"
"2017","3","食料","74716"
"2017","4","食料","79364"
"2017","5+","食料","92021.43702081051"
"2017","1","住居","20680"
"2017","2","住居","17608"
"2017","3","住居","17398"
"2017","4","住居","14093"
"2017","5+","住居","14563.660460021905"
"2017","1","光熱・水道","11380"
"2017","2","光熱・水道","19117"
"2017","3","光熱・水道","22380"
"2017","4","光熱・水道","23187"
"2017","5+","光熱・水道","27004.362541073384"
"2017","1","家具・家事用品","5044"
"2017","2","家具・家事用品","10237"
"2017","3","家具・家事用品","10560"
"2017","4","家具・家事用品","10767"
"2017","5+","家具・家事用品","11666.458926615553"
"2017","1","被服及び履物","5661"
"2017","2","被服及び履物","8548"
"2017","3","被服及び履物","10858"
"2017","4","被服及び履物","13923"
"2017","5+","被服及び履物","14485.26286966046"
"2017","1","保健医療","7044"
"2017","2","保健医療","13914"
"2017","3","保健医療","13050"
"2017","4","保健医療","10889"
"2017","5+","保健医療","11879.070098576123"
"2017","1","交通・通信","18825"
"2017","2","交通・通信","33185"
"2017","3","交通・通信","41003"
"2017","4","交通・通信","47522"
"2017","5+","交通・通信","49623.58050383352"
"2017","1","教育","7"
"2017","2","教育","392"
"2017","3","教育","8812"
"2017","4","教育","27733"
"2017","5+","教育","31103.202628696603"
"2017","1","教養娯楽","18433"
"2017","2","教養娯楽","25808"
"2017","3","教養娯楽","27047"
"2017","4","教養娯楽","31180"
"2017","5+","教養娯楽","33684.52354874041"
"2017","1","その他の消費支出","34900"
"2017","2","その他の消費支出","61782"
"2017","3","その他の消費支出","60891"
"2017","4","その他の消費支出","54494"
"2017","5+","その他の消費支出","51706.659364731655"
