"year","size","household_count_10000","share_within_two_or_more","source_stat_inf_id"
"2005","2","3817","0.3817","000000331B02"
"2005","3","2548","0.2548","000000331B02"
"2005","4","2285","0.2285","000000331B02"
"2005","5","923","0.0923","000000331B02"
"2005","6+","427","0.0427","000000331B02"
"2006","2","3860","0.386","000000331D54"
"2006","3","2557","0.2557","000000331D54"
"2006","4","2269","0.2269","000000331D54"
"2006","5","895","0.0895","000000331D54"
"2006","6+","419","0.0419","000000331D54"
"2007","2","3892","0.3892","000001158890"
"2007","3","2582","0.2582","000001158890"
"2007","4","2251","0.2251","000001158890"
"2007","5","856","0.0856","000001158890"
"2007","6+","419","0.0419","000001158890"
"2008","2","3936","0.3936","000002209379"
"2008","3","2583","0.2583","000002209379"
"2008","4","2238","0.2238","000002209379"
"2008","5","879","0.0879","000002209379"
"2008","6+","364","0.0364","000002209379"
"2009","2","3985","0.3985","000007370315"
"2009","3","2593","0.2593","000007370315"
"2009","4","2218","0.2218","000007370315"
"2009","5","881","0.0881","000007370315"
"2009","6+","323","0.0323","000007370315"
"2010","2","4042","0.4042","000008635814"
"2010","3","2586","0.2586","000008635814"
"2010","4","2218","0.2218","000008635814"
"2010","5","846","0.0846","000008635814"
"2010","6+","308","0.0308","000008635814"
"2011","2","4054","0.4054","000012687855"
"2011","3","2619","0.2619","000012687855"
"2011","4","2203","0.2203","000012687855"
"2011","5","803","0.0803","000012687855"
"2011","6+","321","0.0321","000012687855"
"2012","2","4090","0.40904090409040905","000019023705"
"2012","3","2609","0.2609260926092609","000019023705"
"2012","4","2205","0.22052205220522053","000019023705"
"2012","5","809","0.0809080908090809","000019023705"
"2012","6+","286","0.028602860286028604","000019023705"
"2013","2","4150","0.414958504149585","000023621360"
"2013","3","2607","0.2606739326067393","000023621360"
"2013","4","2180","0.21797820217978203","000023621360"
"2013","5","775","0.07749225077492251","000023621360"
"2013","6+","289","0.028897110288971104","000023621360"
"2014","2","4229","0.42285771422857715","000028352449"
"2014","3","2597","0.2596740325967403","000028352449"
"2014","4","2141","0.21407859214078592","000028352449"
"2014","5","765","0.07649235076492351","000028352449"
"2014","6+","269","0.0268973102689731","000028352449"
"2015","2","4286","0.4286","000031370115"
"2015","3","2608","0.2608","000031370115"
"2015","4","2115","0.2115","000031370115"
"2015","5","727","0.0727","000031370115"
"2015","6+","264","0.0264","000031370115"
"2016","2","4346","0.43455654434556545","000031534678"
"2016","3","2624","0.2623737626237376","000031534678"
"2016","4","2086","0.20857914208579142","000031534678"
"2016","5","723","0.07229277072292771","000031534678"
"2016","6+","222","0.0221977802219778","000031534678"
"2017","2","4393","0.4393","000031674320"
"2017","3","2629","0.2629","000031674320"
"2017","4","2065","0.2065","000031674320"
"2017","5","705","0.0705","000031674320"
"2017","6+","208","0.0208","000031674320"
