"year","size","households","series_id","benchmark_id","connection_status","interpolationMethod","interpolationEndpoints","vintageCaveat"
"2005","1","1465","legacy-unharmonized-published-annual","legacy-LFS-IV-4-2005-published-vintage","unverified_connected_series","","",""
"2005","2","1327","legacy-unharmonized-published-annual","legacy-LFS-IV-4-2005-published-vintage","unverified_connected_series","","",""
"2005","3","885","legacy-unharmonized-published-annual","legacy-LFS-IV-4-2005-published-vintage","unverified_connected_series","","",""
"2005","4","788","legacy-unharmonized-published-annual","legacy-LFS-IV-4-2005-published-vintage","unverified_connected_series","","",""
"2005","5+","462","legacy-unharmonized-published-annual","legacy-LFS-IV-4-2005-published-vintage","unverified_connected_series","","",""
"2006","1","1480","legacy-unharmonized-published-annual","legacy-LFS-IV-4-2006-published-vintage","unverified_connected_series","","",""
"2006","2","1349","legacy-unharmonized-published-annual","legacy-LFS-IV-4-2006-published-vintage","unverified_connected_series","","",""
"2006","3","892","legacy-unharmonized-published-annual","legacy-LFS-IV-4-2006-published-vintage","unverified_connected_series","","",""
"2006","4","783","legacy-unharmonized-published-annual","legacy-LFS-IV-4-2006-published-vintage","unverified_connected_series","","",""
"2006","5+","451","legacy-unharmonized-published-annual","legacy-LFS-IV-4-2006-published-vintage","unverified_connected_series","","",""
"2007","1","1482","legacy-unharmonized-published-annual","legacy-LFS-IV-4-2007-published-vintage","unverified_connected_series","","",""
"2007","2","1377","legacy-unharmonized-published-annual","legacy-LFS-IV-4-2007-published-vintage","unverified_connected_series","","",""
"2007","3","905","legacy-unharmonized-published-annual","legacy-LFS-IV-4-2007-published-vintage","unverified_connected_series","","",""
"2007","4","787","legacy-unharmonized-published-annual","legacy-LFS-IV-4-2007-published-vintage","unverified_connected_series","","",""
"2007","5+","440","legacy-unharmonized-published-annual","legacy-LFS-IV-4-2007-published-vintage","unverified_connected_series","","",""
"2008","1","1546","legacy-unharmonized-published-annual","legacy-LFS-IV-4-2008-published-vintage","unverified_connected_series","","",""
"2008","2","1388","legacy-unharmonized-published-annual","legacy-LFS-IV-4-2008-published-vintage","unverified_connected_series","","",""
"2008","3","908","legacy-unharmonized-published-annual","legacy-LFS-IV-4-2008-published-vintage","unverified_connected_series","","",""
"2008","4","782","legacy-unharmonized-published-annual","legacy-LFS-IV-4-2008-published-vintage","unverified_connected_series","","",""
"2008","5+","426","legacy-unharmonized-published-annual","legacy-LFS-IV-4-2008-published-vintage","unverified_connected_series","","",""
"2009","1","1591","legacy-unharmonized-published-annual","legacy-LFS-IV-4-2009-published-vintage","unverified_connected_series","","",""
"2009","2","1416","legacy-unharmonized-published-annual","legacy-LFS-IV-4-2009-published-vintage","unverified_connected_series","","",""
"2009","3","909","legacy-unharmonized-published-annual","legacy-LFS-IV-4-2009-published-vintage","unverified_connected_series","","",""
"2009","4","779","legacy-unharmonized-published-annual","legacy-LFS-IV-4-2009-published-vintage","unverified_connected_series","","",""
"2009","5+","415","legacy-unharmonized-published-annual","legacy-LFS-IV-4-2009-published-vintage","unverified_connected_series","","",""
"2010","1","1583","legacy-unharmonized-published-annual","legacy-LFS-IV-4-2010-published-vintage","unverified_connected_series","","",""
"2010","2","1432","legacy-unharmonized-published-annual","legacy-LFS-IV-4-2010-published-vintage","unverified_connected_series","","",""
"2010","3","925","legacy-unharmonized-published-annual","legacy-LFS-IV-4-2010-published-vintage","unverified_connected_series","","",""
"2010","4","783","legacy-unharmonized-published-annual","legacy-LFS-IV-4-2010-published-vintage","unverified_connected_series","","",""
"2010","5+","402","legacy-unharmonized-published-annual","legacy-LFS-IV-4-2010-published-vintage","unverified_connected_series","","",""
"2012","1","1604","legacy-unharmonized-published-annual","legacy-LFS-IV-4-2012-published-vintage","unverified_connected_series","","",""
"2012","2","1470","legacy-unharmonized-published-annual","legacy-LFS-IV-4-2012-published-vintage","unverified_connected_series","","",""
"2012","3","931","legacy-unharmonized-published-annual","legacy-LFS-IV-4-2012-published-vintage","unverified_connected_series","","",""
"2012","4","788","legacy-unharmonized-published-annual","legacy-LFS-IV-4-2012-published-vintage","unverified_connected_series","","",""
"2012","5+","387","legacy-unharmonized-published-annual","legacy-LFS-IV-4-2012-published-vintage","unverified_connected_series","","",""
"2013","1","1648","legacy-unharmonized-published-annual","legacy-LFS-IV-4-2013-published-vintage","unverified_connected_series","","",""
"2013","2","1492","legacy-unharmonized-published-annual","legacy-LFS-IV-4-2013-published-vintage","unverified_connected_series","","",""
"2013","3","929","legacy-unharmonized-published-annual","legacy-LFS-IV-4-2013-published-vintage","unverified_connected_series","","",""
"2013","4","767","legacy-unharmonized-published-annual","legacy-LFS-IV-4-2013-published-vintage","unverified_connected_series","","",""
"2013","5+","374","legacy-unharmonized-published-annual","legacy-LFS-IV-4-2013-published-vintage","unverified_connected_series","","",""
"2014","1","1711","legacy-unharmonized-published-annual","legacy-LFS-IV-4-2014-published-vintage","unverified_connected_series","","",""
"2014","2","1521","legacy-unharmonized-published-annual","legacy-LFS-IV-4-2014-published-vintage","unverified_connected_series","","",""
"2014","3","921","legacy-unharmonized-published-annual","legacy-LFS-IV-4-2014-published-vintage","unverified_connected_series","","",""
"2014","4","759","legacy-unharmonized-published-annual","legacy-LFS-IV-4-2014-published-vintage","unverified_connected_series","","",""
"2014","5+","359","legacy-unharmonized-published-annual","legacy-LFS-IV-4-2014-published-vintage","unverified_connected_series","","",""
"2015","1","1770","legacy-unharmonized-published-annual","legacy-LFS-IV-4-2015-published-vintage","unverified_connected_series","","",""
"2015","2","1531","legacy-unharmonized-published-annual","legacy-LFS-IV-4-2015-published-vintage","unverified_connected_series","","",""
"2015","3","933","legacy-unharmonized-published-annual","legacy-LFS-IV-4-2015-published-vintage","unverified_connected_series","","",""
"2015","4","743","legacy-unharmonized-published-annual","legacy-LFS-IV-4-2015-published-vintage","unverified_connected_series","","",""
"2015","5+","343","legacy-unharmonized-published-annual","legacy-LFS-IV-4-2015-published-vintage","unverified_connected_series","","",""
"2016","1","1803","legacy-unharmonized-published-annual","legacy-LFS-IV-4-2016-published-vintage","unverified_connected_series","","",""
"2016","2","1561","legacy-unharmonized-published-annual","legacy-LFS-IV-4-2016-published-vintage","unverified_connected_series","","",""
"2016","3","933","legacy-unharmonized-published-annual","legacy-LFS-IV-4-2016-published-vintage","unverified_connected_series","","",""
"2016","4","738","legacy-unharmonized-published-annual","legacy-LFS-IV-4-2016-published-vintage","unverified_connected_series","","",""
"2016","5+","326","legacy-unharmonized-published-annual","legacy-LFS-IV-4-2016-published-vintage","unverified_connected_series","","",""
"2017","1","1821","legacy-unharmonized-published-annual","legacy-LFS-IV-4-2017-published-vintage","unverified_connected_series","","",""
"2017","2","1573","legacy-unharmonized-published-annual","legacy-LFS-IV-4-2017-published-vintage","unverified_connected_series","","",""
"2017","3","936","legacy-unharmonized-published-annual","legacy-LFS-IV-4-2017-published-vintage","unverified_connected_series","","",""
"2017","4","736","legacy-unharmonized-published-annual","legacy-LFS-IV-4-2017-published-vintage","unverified_connected_series","","",""
"2017","5+","325","legacy-unharmonized-published-annual","legacy-LFS-IV-4-2017-published-vintage","unverified_connected_series","","",""
"2025","1","2248","legacy-unharmonized-published-annual","LFS-IV-4-2025-annual-2025-benchmark","unverified_connected_series","","",""
"2025","2","1672","legacy-unharmonized-published-annual","LFS-IV-4-2025-annual-2025-benchmark","unverified_connected_series","","",""
"2025","3","894","legacy-unharmonized-published-annual","LFS-IV-4-2025-annual-2025-benchmark","unverified_connected_series","","",""
"2025","4","650","legacy-unharmonized-published-annual","LFS-IV-4-2025-annual-2025-benchmark","unverified_connected_series","","",""
"2025","5+","249","legacy-unharmonized-published-annual","LFS-IV-4-2025-annual-2025-benchmark","unverified_connected_series","","",""
"2011","1","1593.489351162","legacy-unharmonized-published-annual","derived-LFS-IV-4-2010-2012-linear-share","unverified_connected_series","linear_share_interpolation","2010;2012","Custom interpolation across a benchmark break: 2010 IV-4 statInfId 000008597994 uses the 2005 Census base and 2012 IV-4 statInfId 000018854323 uses the 2010 Census base. No official common-base bridge is established. The 2011 IV-4 statInfId 000012675623 excludes Iwate, Miyagi, and Fukushima and is not a nationwide household-size weight. This is not an observed national 2011 LFS value."
"2011","2","1450.939924194","legacy-unharmonized-published-annual","derived-LFS-IV-4-2010-2012-linear-share","unverified_connected_series","linear_share_interpolation","2010;2012","Custom interpolation across a benchmark break: 2010 IV-4 statInfId 000008597994 uses the 2005 Census base and 2012 IV-4 statInfId 000018854323 uses the 2010 Census base. No official common-base bridge is established. The 2011 IV-4 statInfId 000012675623 excludes Iwate, Miyagi, and Fukushima and is not a nationwide household-size weight. This is not an observed national 2011 LFS value."
"2011","3","928.010423535","legacy-unharmonized-published-annual","derived-LFS-IV-4-2010-2012-linear-share","unverified_connected_series","linear_share_interpolation","2010;2012","Custom interpolation across a benchmark break: 2010 IV-4 statInfId 000008597994 uses the 2005 Census base and 2012 IV-4 statInfId 000018854323 uses the 2010 Census base. No official common-base bridge is established. The 2011 IV-4 statInfId 000012675623 excludes Iwate, Miyagi, and Fukushima and is not a nationwide household-size weight. This is not an observed national 2011 LFS value."
"2011","4","785.509032865","legacy-unharmonized-published-annual","derived-LFS-IV-4-2010-2012-linear-share","unverified_connected_series","linear_share_interpolation","2010;2012","Custom interpolation across a benchmark break: 2010 IV-4 statInfId 000008597994 uses the 2005 Census base and 2012 IV-4 statInfId 000018854323 uses the 2010 Census base. No official common-base bridge is established. The 2011 IV-4 statInfId 000012675623 excludes Iwate, Miyagi, and Fukushima and is not a nationwide household-size weight. This is not an observed national 2011 LFS value."
"2011","5+","394.551268244","legacy-unharmonized-published-annual","derived-LFS-IV-4-2010-2012-linear-share","unverified_connected_series","linear_share_interpolation","2010;2012","Custom interpolation across a benchmark break: 2010 IV-4 statInfId 000008597994 uses the 2005 Census base and 2012 IV-4 statInfId 000018854323 uses the 2010 Census base. No official common-base bridge is established. The 2011 IV-4 statInfId 000012675623 excludes Iwate, Miyagi, and Fukushima and is not a nationwide household-size weight. This is not an observed national 2011 LFS value."
