"year","validation","pAedu_official","pBedu","pi1","pi2plus","K_2017","pHat_anchor","anchor_residual","pHat_pi2plus","pi2plus_residual","A_total_raw","A_education_raw","B_total_raw","B_education_raw","LFS_denominator","LFS_counts_json"
"2017","false","0.03459479432796237","0.03317870077183429","0.324778","0.675222","1.544204427485697","0.03459479432796237","0","0.03459479432796237","0","91.4733","3.1645","95.3443","3.1634","1000000","{""1"":324778,""2"":296228,""3"":177091,""4"":140102,""total"":1000000,""5+"":61800}"
"2018","true","0.035318129093702064","0.03436851970632009","0.327135","0.672865","1.544204427485697","0.03583539568873036","0.0005172665950282998","0.035710304936891216","0.000392175843189152","92.5049","3.2671","96.3498","3.3114","1000000","{""1"":327135,""2"":296521,""3"":176430,""4"":138758,""total"":1000000,""5+"":61156}"
"2019","true","0.034599463445058654","0.033667618819605546","0.331947","0.668053","1.544204427485697","0.03510457979009336","0.000505116345034709","0.03473186573084296","0.00013240228578430963","93.6344","3.2397","96.9032","3.2625","1000000","{""1"":331947,""2"":295278,""3"":174385,""4"":137808,""total"":1000000,""5+"":60583}"
"2020","true","0.03515739741398036","0.0351608483586343","0.344106","0.655894","1.544204427485697","0.03666154156332201","0.001504144149341656","0.03561211741047171","0.00045471999649135397","88.8547","3.1239","91.235","3.2079","1000000","{""1"":344106,""2"":296208,""3"":168974,""4"":133316,""total"":1000000,""5+"":57396}"
"2021","true","0.03725546219988035","0.036601913699673465","0.35033","0.64967","1.544204427485697","0.03816411272875854","0.0009086505288781882","0.03671989229689281","-0.0005355699029875385","89.5976","3.338","91.3832","3.3448","1000000","{""1"":350330,""2"":295556,""3"":169354,""4"":129314,""total"":1000000,""5+"":55446}"
"2022","true","0.03500416020635489","0.033870263612095185","0.358424","0.6415759999999999","1.544204427485697","0.035315873624834564","0.0003117134184796727","0.03355609997412238","-0.001448060232232512","92.4233","3.2352","93.6869","3.1732","1000000","{""1"":358424,""2"":296454,""3"":167541,""4"":124501,""total"":1000000,""5+"":53080}"
"2023","true","0.03370446651661697","0.0323450499590312","0.366257","0.633743","1.544204427485697","0.03372556262993446","0.000021096113317492504","0.03165379569650064","-0.0020506708201163265","95.2129","3.2091","96.0487","3.1067","1000000","{""1"":366257,""2"":298264,""3"":164305,""4"":120545,""total"":1000000,""5+"":50629}"
"2024","true","0.03525142667251968","0.03359912604904744","0.373232","0.626768","1.544204427485697","0.035033163693161035","-0.00021826297935864658","0.032519180272021886","-0.0027322464004977953","97.4996","3.437","97.946","3.2909","1000000","{""1"":373232,""2"":297376,""3"":162142,""4"":119148,""total"":1000000,""5+"":48103}"
"2025","true","0.03243410275949382","0.032435","0.381308","0.618692","1.544204427485697","0.03381935181078596","0.0013852490512921353","0.03098797493345713","-0.0014461278260366923","99.9966","3.2433","100","3.2435","1000000","{""1"":381308,""2"":295811,""3"":159849,""4"":117469,""total"":1000000,""5+"":45564}"
