時間軸コード,月,消費支出（名目）,食料（名目）,住居（名目）,光熱・水道（名目）,家具・家事用品（名目）,被服及び履物（名目）,保健医療（名目）,交通・通信（名目）,教育（名目）,教養娯楽（名目）,その他の消費支出（名目）,消費支出（実質）,食料（実質）,住居（実質）,光熱・水道（実質）,家具・家事用品（実質）,被服及び履物（実質）,保健医療（実質）,交通・通信（実質）,教育（実質）,教養娯楽（実質）,その他の消費支出（実質）
2017000101,2017年1月,91.0939,22.4195,5.8724,7.6798,3.2459,4.1057,3.8289,14.072,2.4139,8.8601,-,106.17,29.0408,6.8363,9.5998,4.0422,4.7852,4.1348,14.1285,2.1457,10.5478,-
2017000202,2017年2月,83.5273,20.9493,6.1707,8.122,2.7029,2.675,3.9682,14.086,2.8548,8.4042,-,97.4648,27.2777,7.1836,10.0895,3.3619,3.0997,4.2853,14.2139,2.5353,9.9931,-
2017000303,2017年3月,98.5512,23.7165,6.7528,7.7227,3.1823,3.8759,4.1172,18.5349,4.0585,9.9735,-,114.9956,30.9615,7.8521,9.5225,4.013,4.4045,4.4414,18.7411,3.6044,11.7751,-
2017000404,2017年4月,95.4007,22.9686,6.4607,7.1612,2.9576,3.8264,3.9699,15.474,6.7975,9.8792,-,110.8022,29.946,7.5124,8.7545,3.7016,4.2657,4.2734,15.5674,6.0049,11.6089,-
2017000505,2017年5月,90.9939,24.1748,6.6444,6.1997,3.4241,3.7956,4.0096,14.9975,2.8962,9.5548,-,105.5614,31.5187,7.726,7.4695,4.2963,4.2315,4.3067,15.088,2.5562,11.1882,-
2017000606,2017年6月,85.8668,22.8557,6.8215,5.547,3.5174,3.3435,4.1314,14.4235,1.8739,9.0711,-,99.7292,29.8377,7.9412,6.667,4.4244,3.7399,4.4424,14.496,1.6583,10.7224,-
2017000707,2017年7月,90.1337,24.1912,7.0429,5.2987,4.5411,3.7149,4.0057,15.4058,2.0278,9.4216,-,104.9287,31.6638,8.199,6.3686,5.7337,4.275,4.3025,15.4521,1.7961,11.1366,-
2017000808,2017年8月,90.9671,25.5865,6.3872,5.8628,3.8878,2.764,3.9325,14.472,1.8628,10.9121,-,105.5302,33.4027,7.4357,7.0467,4.9275,3.2102,4.1525,14.5594,1.65,12.6885,-
2017000909,2017年9月,87.9409,23.0167,6.649,5.712,3.3452,2.8102,3.9049,15.2733,4.0735,8.9447,-,101.7834,29.7759,7.7404,6.849,4.2506,3.1259,4.1235,15.4432,3.6049,10.5356,-
2017001010,2017年10月,89.7054,23.4664,7.1826,5.6548,3.3755,3.7846,4.1314,14.4874,4.4403,9.189,-,103.8257,30.5552,8.3422,6.7722,4.246,4.1911,4.3718,14.5456,3.9295,10.76,-
2017001111,2017年11月,89.5854,23.4218,7.0551,5.9732,3.6809,4.2032,4.3415,14.7578,2.3928,9.2251,-,103.209,30.1827,8.1941,7.1535,4.6301,4.6342,4.5991,14.7578,2.1176,10.8149,-
2017001212,2017年12月,103.9135,30.7337,7.527,7.244,4.3693,4.1786,4.574,14.5378,2.2819,10.9275,-,119.3037,39.2012,8.7523,8.6651,5.5099,4.6636,4.8504,14.4799,2.0194,12.7957,-
2018000101,2018年1月,92.1442,23.062,6.0206,8.4459,3.0858,3.9168,4.1098,14.9711,2.0607,8.8264,-,105.67,28.9723,7.0007,10.0907,3.8864,4.5439,4.3628,14.9263,1.8236,10.4579,-
2018000202,2018年2月,85.2077,21.6054,6.1559,8.8742,2.6883,2.6568,3.8769,14.7089,2.4663,8.4905,-,97.7153,27.3141,7.1664,10.5645,3.4029,3.0679,4.1113,14.6212,2.1826,9.9771,-
2018000303,2018年3月,97.7458,23.9714,6.5506,8.0925,3.3466,4.0136,4.3701,17.1254,4.1331,10.2088,-,112.4807,30.7326,7.6259,9.5997,4.274,4.5609,4.6392,17.0063,3.6576,11.9962,-
2018000404,2018年4月,94.4904,22.7464,6.8763,6.9524,3.2465,3.6355,3.8868,14.3114,7.3927,9.6328,-,108.8599,29.4261,7.9958,8.2083,4.1252,4.0485,4.1086,14.2402,6.5076,11.2928,-
2018000505,2018年5月,90.8503,24.1065,6.8389,6.3334,3.3052,3.7313,4.1705,15.28,2.9546,9.8247,-,104.5458,31.1856,7.943,7.4075,4.205,4.1551,4.3992,15.1737,2.6009,11.5043,-
2018000606,2018年6月,86.3109,22.8604,7.269,5.3793,3.6465,3.3214,4.068,14.2881,2.032,8.9324,-,99.4365,29.7275,8.4425,6.255,4.6394,3.7152,4.2867,14.1747,1.7903,10.4718,-
2018000707,2018年7月,90.3387,24.1071,7.2495,5.3684,4.5987,3.4048,4.232,15.3258,2.1278,9.3392,-,103.9571,31.1461,8.4297,6.2568,5.8732,3.9045,4.4594,15.1441,1.8747,10.9744,-
2018000808,2018年8月,93.1983,25.5469,6.7535,5.9478,3.8702,2.6483,4.1634,16.2749,2.1416,10.4818,-,106.5123,32.627,7.8529,6.916,4.9554,3.0794,4.3504,16.066,1.8868,11.9929,-
2018000909,2018年9月,88.9342,23.333,6.47,5.9606,3.2256,2.866,3.9133,15.5463,4.2317,9.4368,-,101.523,29.648,7.5233,6.8908,4.1354,3.1844,4.0891,15.3924,3.7284,10.9986,-
2018001010,2018年10月,94.1028,24.1979,7.8057,5.9372,3.473,3.5713,4.3698,15.864,4.8266,9.6533,-,107.0566,30.7862,9.0764,6.8087,4.413,3.9462,4.5709,15.6295,4.2526,11.147,-
2018001111,2018年11月,91.4902,23.4799,7.2972,5.6984,3.6487,4.1086,4.4475,16.1982,2.4077,9.218,-,104.3218,30.1025,8.4852,6.505,4.6186,4.5299,4.6571,16.0062,2.1213,10.6938,-
2018001212,2018年12月,105.2455,30.2479,8.1551,6.8293,4.5076,4.4497,4.5857,15.623,2.4303,11.1815,-,120.5561,38.9792,9.4717,7.7872,5.6842,4.9606,4.8018,15.5763,2.1413,12.9716,-
2019000101,2019年1月,93.4039,22.7461,6.581,8.2382,3.3751,4.0058,4.1263,14.4697,2.4748,9.3353,-,106.8694,29.0129,7.6523,9.3616,4.2561,4.631,4.3298,14.4697,2.1804,10.893,-
2019000202,2019年2月,87.0643,21.5941,6.2044,8.8505,2.8992,2.8048,4.0366,15.4616,2.5875,9.0293,-,99.6159,27.6848,7.206,10.0119,3.6376,3.2389,4.2357,15.4616,2.2797,10.4627,-
2019000303,2019年3月,100.805,24.1976,6.817,8.1188,3.5079,3.9861,4.4101,18.7226,4.3097,10.2274,-,115.3375,31.1023,7.9175,9.1634,4.418,4.5245,4.6228,18.648,3.7938,11.9062,-
2019000404,2019年4月,95.5452,23.4199,6.5075,7.0887,3.1953,3.5532,4.1744,15.3467,6.8527,10.1398,-,108.9455,30.1028,7.5406,8.0189,3.9941,3.9524,4.3711,15.3008,6.0006,11.655,-
2019000505,2019年5月,95.4356,24.3453,7.5117,6.9001,3.7539,3.6807,4.1161,15.7672,3.5515,10.2717,-,108.8206,31.252,8.6941,7.8232,4.6574,4.0988,4.3101,15.7044,3.1071,11.8748,-
2019000606,2019年6月,89.844,23.5319,7.4311,5.6898,3.9302,3.4861,4.3461,15.1184,2.1201,9.6939,-,102.6788,30.1305,8.5909,6.4731,4.9128,3.8994,4.5556,15.1944,1.8548,11.2068,-
2019000707,2019年7月,91.6549,24.3188,7.1548,5.3361,4.4528,3.2641,4.4327,15.952,2.218,9.7918,-,104.7484,31.138,8.2619,6.0984,5.5869,3.7304,4.6416,15.952,1.9405,11.3726,-
2019000808,2019年8月,94.4011,26.177,6.6142,5.463,4.4465,2.8335,4.4793,16.0452,2.0466,10.7427,-,107.6409,33.4317,7.6377,6.2721,5.572,3.2757,4.6904,16.0292,1.7921,12.1524,-
2019000909,2019年9月,97.0695,24.1266,7.2781,5.8333,5.1478,3.1857,4.837,16.9756,4.2203,10.3631,-,110.5575,30.54,8.3946,6.7359,6.4268,3.5358,5.0702,17.0781,3.6923,11.9529,-
2019001010,2019年10月,87.9932,23.3224,6.5496,5.6273,3.0179,3.2168,4.2327,14.3937,4.1242,9.0886,-,99.8788,29.4103,7.4258,6.5055,3.6759,3.5157,4.3953,14.3078,3.9391,10.2581,-
2019001111,2019年11月,88.2201,23.7541,6.8134,5.7252,3.3846,3.9104,4.5733,14.598,2.1932,9.383,-,100.0227,29.9926,7.7162,6.5207,4.1276,4.2551,4.754,14.4965,2.0947,10.6383,-
2019001212,2019年12月,102.176,29.9574,7.417,6.7849,4.2584,4.0034,4.7605,15.421,2.178,11.0532,-,115.8458,37.9208,8.3903,7.7365,5.2123,4.4042,4.9641,15.2532,2.0802,12.4754,-
2020000101,2020年1月,91.0559,22.844,6.7453,7.7037,3.0562,3.7818,4.268,13.8991,2.0739,9.4002,17.2833,103.238,28.6985,7.6391,8.7642,3.7316,4.3123,4.4413,13.6802,1.9639,10.7925,19.5956
2020000202,2020年2月,87.6285,22.6249,6.9379,8.2306,3.2166,2.6685,4.2562,15.4439,2.1999,8.4852,13.5655,99.5778,28.5668,7.8483,9.385,3.9467,3.0392,4.429,15.2608,2.0852,9.7196,15.4153
2020000303,2020年3月,93.1151,23.895,6.905,7.9532,3.4321,3.0347,4.3489,16.9202,3.7661,8.0577,14.802,105.8126,30.2086,7.8199,9.0687,4.2216,3.3907,4.516,16.7859,3.5698,9.1878,16.8205
2020000404,2020年4月,84.3639,21.9404,6.9021,7.4463,3.0615,1.6102,4.0121,13.4495,6.717,6.8763,12.348,95.9772,27.5287,7.799,8.5787,3.7519,1.7656,4.1749,13.5991,6.5532,7.814,14.0477
2020000505,2020年5月,79.8915,23.1425,6.3257,6.4762,3.9923,2.3778,3.9261,12.0777,2.8779,6.7221,11.9727,90.9926,29.0371,7.1477,7.5042,4.8746,2.613,4.0855,12.2492,2.8187,7.6128,13.6364
2020000606,2020年6月,88.0112,23.0173,7.2741,5.9886,5.2643,3.3322,4.4244,14.1207,1.9647,7.922,14.7029,100.4694,28.989,8.2287,6.9634,6.3965,3.682,4.604,14.2778,1.928,9.0641,16.7841
2020000707,2020年7月,85.1408,23.643,6.9448,5.3291,4.9879,2.7562,4.5798,13.1685,2.0051,7.9833,13.743,97.0818,29.7023,7.8561,6.2402,6.068,3.1074,4.7657,13.1817,1.9619,9.1762,15.6705
2020000808,2020年8月,88.3645,25.167,7.0628,5.6252,4.8129,2.351,4.5347,14.5425,2.0788,8.599,13.5905,100.643,31.3412,7.9896,6.6023,5.8837,2.6807,4.7335,14.4846,2.0361,9.9872,15.479
2020000909,2020年9月,86.1664,23.4218,7.0152,5.8732,3.9491,2.3996,4.1663,14.4691,4.0751,8.0864,12.7106,98.3635,29.3139,7.9358,6.9506,4.8101,2.6196,4.349,14.4836,3.9873,9.5134,14.5098
2020001010,2020年10月,91.5471,23.923,7.8669,5.8088,3.9687,3.3315,4.8344,15.1318,4.582,8.8081,13.292,104.6252,29.9787,8.8993,6.9152,4.7873,3.6251,5.0569,15.1621,4.4833,10.3991,15.1909
2020001111,2020年11月,89.9426,23.8181,8.1064,5.8268,3.9189,3.4142,4.6188,15.3315,2.6954,8.6621,13.5508,103.1452,30.1495,9.1598,7.0117,4.6877,3.7111,4.8365,15.3776,2.6399,10.2753,15.5399
2020001212,2020年12月,101.0286,29.2109,8.1572,6.4249,4.7739,3.6354,4.6682,15.0977,2.4512,9.9232,16.6858,116.1249,37.2113,9.2276,7.7972,5.7035,3.9994,4.8985,15.1128,2.4008,11.7019,19.179
2021000101,2021年1月,85.7046,21.978,6.7496,7.5938,3.5574,2.7515,4.118,14.1644,2.1863,7.5208,15.0852,97.9481,27.6801,7.508,9.2382,4.2655,3.1126,4.3211,14.1786,2.1413,8.6248,17.2402
2021000202,2021年2月,81.1771,21.4965,6.6609,7.9099,3.2159,2.1942,3.9963,13.6678,2.4999,7.1713,12.3644,92.88,27.1764,7.4092,9.5877,3.8606,2.4793,4.1934,13.6678,2.4485,8.2524,14.1469
2021000303,2021年3月,98.919,23.6724,8.7115,8.0556,3.9025,3.2377,4.5738,17.4766,4.4048,8.9778,15.9061,112.9212,30.0411,9.6794,9.6706,4.6849,3.5895,4.7793,17.4417,4.3142,10.2838,18.1576
2021000404,2021年4月,94.5546,22.7022,8.1626,6.813,3.5416,3.0197,4.3425,15.5517,7.3844,8.8202,14.2163,109.0595,28.8465,9.0595,8.0627,4.2465,3.3038,4.5471,16.6863,7.1554,10.0458,16.3971
2021000505,2021年5月,88.633,23.5786,7.5898,6.1926,4.0096,2.7849,4.3589,15.0529,3.3193,8.0183,13.7276,101.8771,29.8464,8.4238,7.1839,4.8019,3.0469,4.5596,16.0994,3.2133,9.1014,15.7789
2021000606,2021年6月,84.6894,22.864,7.7173,5.6442,4.3124,2.922,4.5433,13.5226,1.9858,7.9414,13.2368,97.2324,28.796,8.5653,6.5025,5.1522,3.2109,4.7574,14.4626,1.9205,9.0759,15.1973
2021000707,2021年7月,87.2755,24.2119,7.437,5.1952,4.7502,2.7408,4.4849,14.5547,1.9339,8.3205,13.6461,99.8575,30.5705,8.245,5.951,5.6483,3.0658,4.6913,15.4018,1.8703,9.3911,15.6134
2021000808,2021年8月,85.5138,24.3501,7.5648,5.7297,4.33,1.9736,4.36,13.4466,2.0169,8.3778,13.3647,97.8419,30.6677,8.3867,6.5633,5.1425,2.2326,4.5559,14.3507,1.9525,9.3816,15.2914
2021000909,2021年9月,86.6576,22.8107,7.4524,5.8353,3.5266,2.149,4.6114,14.5189,4.108,7.6754,13.9697,98.8114,28.3011,8.2529,6.616,4.2184,2.3487,4.8236,15.5282,3.9729,8.732,15.9289
2021001010,2021年10月,90.0561,23.9244,7.7793,5.806,3.73,2.9742,4.7556,14.6112,4.9722,8.618,12.8853,102.8037,29.8682,8.6054,6.4944,4.4617,3.2434,4.9901,15.8301,4.8087,9.7599,14.7093
2021001111,2021年11月,90.1305,23.7376,7.6525,6.0011,3.8635,3.6165,4.8935,14.8482,2.5772,8.7487,14.1916,102.6544,29.6349,8.4651,6.6164,4.6049,3.9267,5.1348,16.0002,2.4925,9.953,16.1636
2021001212,2021年12月,101.8605,29.7071,8.3019,6.7313,4.3969,3.7285,4.587,14.9212,2.6681,10.1363,16.6822,116.0143,37.0413,9.1733,7.3486,5.2911,4.0883,4.8183,16.131,2.5804,11.5054,19.0002
2022000101,2022年1月,89.4009,22.699,6.8832,8.3412,3.7035,2.8669,4.1449,14.8421,2.1136,8.0001,15.8062,101.5919,27.9889,7.6141,8.9981,4.4674,3.2032,4.3539,16.0629,2.0441,9.1222,17.9616
2022000202,2022年2月,82.5732,21.3959,6.6054,9.4167,2.9943,2.0137,3.9336,14.0008,2.5371,7.4592,12.2162,93.4086,26.3172,7.2907,9.9019,3.625,2.2449,4.1276,15.1033,2.4537,8.4668,13.8192
2022000303,2022年3月,96.6041,23.8313,7.2239,9.2448,3.6601,3.2778,4.4159,16.5035,4.0482,9.0887,15.31,108.7884,29.2768,7.9559,9.5308,4.3729,3.6059,4.6337,17.7267,3.9113,10.2814,17.241
2022000404,2022年4月,94.284,23.3456,7.3282,8.1551,3.619,3.2617,4.2723,14.1283,7.1505,9.2653,13.7585,105.5811,28.5398,8.0265,8.3385,4.2427,3.5377,4.5019,15.1917,6.8689,10.3871,15.407
2022000505,2022年5月,91.4043,24.793,7.3139,7.1925,4.0131,3.155,4.306,14.3857,3.3193,9.2745,13.6514,102.0137,30.1617,7.9846,7.2946,4.6448,3.4219,4.5374,15.5018,3.1886,10.351,15.2359
2022000606,2022年6月,88.7257,23.6842,8.0603,6.2581,4.3042,2.9821,4.7201,14.1365,1.926,9.0712,13.583,99.0242,28.7779,8.7612,6.3277,4.9531,3.2449,4.9738,15.2169,1.8502,10.25,15.1596
2022000707,2022年7月,90.4334,24.8796,7.8183,5.8242,4.5938,2.8478,4.6393,15.03,2.0183,9.0383,13.7435,100.3701,30.1206,8.4889,5.8184,5.256,3.1399,4.8834,15.9385,1.9388,10.1326,15.2536
2022000808,2022年8月,91.2883,25.7337,7.6228,6.4529,4.1416,2.2672,4.6195,14.3874,2.1383,9.8019,14.1232,100.871,30.9672,8.2587,6.3953,4.7171,2.5275,4.8627,15.2571,2.0541,10.8069,15.6058
2022000909,2022年9月,90.669,24.3826,7.587,6.6555,3.9512,2.4694,4.3683,15.1103,4.1148,8.8583,13.1724,99.7458,29.0616,8.211,6.5636,4.4346,2.6468,4.5933,16.0747,3.9527,9.8644,14.4911
2022001010,2022年10月,95.0336,25.4666,8.4995,6.7564,3.929,3.571,4.7273,14.7973,4.1892,9.3748,13.7223,103.8618,29.9255,9.0516,6.598,4.3948,3.7989,4.9501,15.7251,4.0242,10.5217,14.9971
2022001111,2022年11月,91.8997,24.7224,8.139,6.7346,3.8473,3.4625,4.8333,14.7676,2.4985,9.2835,13.6103,100.1086,28.8476,8.631,6.5069,4.2701,3.6602,5.0558,15.6603,2.4001,10.5614,14.826
2022001212,2022年12月,106.764,30.9444,8.2489,7.8977,4.9006,3.9533,4.9536,15.8137,2.7691,10.7023,16.5809,116.0479,36.0657,8.729,7.4789,5.4878,4.2102,5.187,16.7518,2.6601,12.1479,18.0227
2023000101,2023年1月,95.3204,24.5029,7.1742,10.1427,3.6264,3.2327,4.234,14.9333,2.1748,9.2488,16.0499,103.0491,28.1643,7.5757,9.5236,4.0655,3.5023,4.4289,15.836,2.0891,10.3802,17.3513
2023000202,2023年2月,88.6807,23.2528,7.123,10.6991,3.0795,2.2994,4.3522,14.1644,2.3274,9.0268,12.3562,96.602,26.605,7.4979,11.2859,3.4293,2.4751,4.5241,15.0206,2.2314,10.0971,13.4599
2023000303,2023年3月,101.7887,25.5712,7.4667,9.5764,3.8528,3.5087,4.8312,17.6499,3.9812,10.244,15.1067,110.3998,29.1244,7.8514,10.1552,4.2061,3.7248,5.0064,18.6574,3.8098,11.3318,16.3847
2023000404,2023年4月,98.7711,24.9147,7.4148,7.9192,3.5463,3.2309,4.5863,16.5605,6.9838,9.8914,13.7227,106.3198,28.0887,7.7805,8.4157,3.7807,3.3761,4.7526,17.5058,6.626,10.7632,14.7714
2023000505,2023年5月,92.7238,26.1744,7.06,6.8126,3.938,3.2288,4.4484,14.7286,3.5477,9.9437,12.8416,99.703,29.3435,7.3849,7.5361,4.1584,3.3738,4.5907,15.5365,3.366,10.7267,13.8082
2023000606,2023年6月,89.2978,24.7321,7.7588,5.9384,3.9254,3.058,4.5487,15.1055,2.0334,9.2731,12.9243,95.916,27.7266,8.1159,6.4269,4.1583,3.2021,4.6798,15.9173,1.9293,10.1235,13.8822
2023000707,2023年7月,94.2024,26.7748,7.4739,5.4713,4.9833,3.2814,4.6199,16.3435,1.9063,9.6422,13.7058,100.6436,29.7828,7.8097,6.0456,5.2566,3.476,4.753,16.9538,1.8086,10.3125,14.6429
2023000808,2023年8月,93.8798,27.7589,7.4907,5.7566,4.1753,2.3395,4.5612,15.3956,1.9765,10.6554,13.7696,100.085,30.7407,7.8191,6.5046,4.4418,2.4995,4.6878,15.8065,1.8752,11.1926,14.6797
2023000909,2023年9月,90.8211,25.7541,7.1395,5.7834,3.8295,2.1938,4.4903,15.5438,3.8249,9.2738,12.9877,96.5155,28.1774,7.4293,6.6552,4.0481,2.2734,4.6102,15.9751,3.6255,9.8763,13.802
2023001010,2023年10月,96.7634,26.4644,7.9797,6.0133,3.8112,3.3748,5.0968,16.3202,4.562,9.89,13.2511,101.7491,28.6102,8.2949,6.522,3.9908,3.4864,5.2167,16.8076,4.3241,10.4325,13.9339
2023001111,2023年11月,94.1257,26.1333,7.4549,5.9527,4.2305,3.7883,4.7206,15.7103,2.5206,9.9472,13.6675,99.2887,28.4366,7.7493,6.4915,4.4252,3.8935,4.8169,16.2129,2.3892,10.5262,14.4172
2023001212,2023年12月,106.1801,32.5474,7.9772,6.8213,4.7119,3.731,5.0147,15.5377,2.6714,11.1762,15.9917,112.1226,35.5321,8.2751,7.4468,4.9547,3.8584,5.1276,16.0018,2.5321,11.7644,16.8866
2024000101,2024年1月,93.7599,25.2032,6.6054,7.9582,3.8746,3.2753,4.4145,14.5611,2.4276,9.3304,16.1101,98.9029,27.3948,6.8378,8.6785,4.0742,3.4405,4.5092,14.9959,2.301,9.8112,16.9938
2024000202,2024年2月,90.2004,24.9984,7.0819,8.4758,3.2033,2.6151,4.7571,14.2926,2.7745,9.2824,12.7188,95.1481,27.2908,7.3235,9.2229,3.3934,2.7412,4.8591,14.7346,2.6248,9.6692,13.4165
2024000303,2024年3月,103.5156,27.4693,7.5501,8.4,3.9404,3.6125,4.999,18.0318,4.1635,10.4978,14.8507,108.8492,29.858,7.8078,9.0614,4.1698,3.7513,5.101,18.6279,3.9352,10.8225,15.6159
2024000404,2024年4月,100.1694,25.3708,7.4144,7.7259,3.6902,3.4833,4.5433,16.3264,7.4771,9.8925,14.2456,104.7797,27.4278,7.6595,8.2984,3.836,3.5617,4.6503,16.7967,7.1551,10.1357,14.9013
2024000505,2024年5月,95.5681,26.5703,7.8132,6.6491,4.007,3.2001,4.6575,14.9792,3.8907,10.0274,13.7735,99.5501,28.6318,8.0548,6.9045,4.1097,3.2721,4.7525,15.4425,3.7267,10.2846,14.3474
2024000606,2024年6月,92.8831,26.0345,8.0939,5.9577,4.6571,3.1797,4.6675,15.5334,2.1369,9.6282,12.9937,96.6526,28.1758,8.3442,5.9997,4.757,3.2579,4.7386,15.9644,2.0488,9.9568,13.5211
2024000707,2024年7月,95.8241,27.0085,8.2253,5.9327,5.0874,3.0612,4.7359,15.6454,2.1136,10.4717,13.5422,99.2996,29.1984,8.4535,5.805,5.1754,3.1722,4.8032,16.0301,2.0264,10.7292,14.0334
2024000808,2024年8月,97.1458,29.1336,7.7745,6.4697,4.6052,2.4422,4.7785,14.7583,2.1226,10.9622,14.0997,100.0471,31.1589,7.9657,6.3553,4.6565,2.552,4.8414,15.1212,2.0351,10.9841,14.5208
2024000909,2024年9月,94.9638,26.6968,7.6422,6.8749,3.8584,2.4311,4.4703,16.0016,4.0679,9.7697,13.1513,98.1031,28.2207,7.8141,7.2674,3.8896,2.4607,4.5154,16.4288,3.8964,9.9691,13.586
2024001010,2024年10月,97.9248,27.2405,7.7853,6.6738,3.7611,3.0361,4.9429,15.9576,4.7366,10.1326,13.6582,100.4357,28.4645,7.9039,7.0176,3.7724,3.0637,4.9727,16.35,4.537,10.2661,14.0085
2024001111,2024年11月,96.2862,27.3658,8.1734,6.2463,4.0532,3.6193,4.9983,15.4474,2.7476,10.1438,13.4917,98.2512,28.3878,8.2894,6.3803,4.09,3.6266,5.0234,15.7949,2.6318,10.2774,13.7671
2024001212,2024年12月,111.7548,34.0503,8.332,7.3704,4.896,3.9473,5.4057,16.2307,2.5858,11.8683,17.0684,113.2267,34.9593,8.4503,7.2188,4.9959,3.9671,5.4329,16.5451,2.4768,12.0246,17.2932
2025000101,2025年1月,97.8718,26.6241,7.1603,9.1249,3.5311,3.2634,4.6637,14.809,2.4674,9.6106,16.6169,98.661,26.893,7.2326,8.9284,3.5885,3.3266,4.7251,14.9888,2.4166,9.847,16.7509
2025000202,2025年2月,92.843,25.7222,7.455,9.8824,3.1375,2.3733,4.5896,14.5739,2.9239,9.5207,12.6649,93.9706,26.061,7.5227,10.1254,3.195,2.4168,4.6548,14.736,2.8609,9.6952,12.8187
2025000303,2025年3月,107.0266,28.9793,7.4835,9.5407,3.9884,3.4437,4.784,17.7991,3.9636,10.8317,16.2126,107.9986,29.3313,7.5439,9.7453,4.0409,3.475,4.8421,17.9608,3.8782,10.9411,16.3598
2025000404,2025年4月,102.437,26.9799,7.7231,8.3396,3.8095,3.4867,4.734,15.3947,7.0352,10.8036,14.1307,102.8484,27.3076,7.7463,8.2652,3.8095,3.4728,4.734,15.4721,7.0776,10.7392,14.1874
2025000505,2025年5月,99.6049,28.4861,7.7464,7.1129,4.1735,3.3963,4.6826,16.0519,3.5018,10.6718,13.7815,99.6049,28.7738,7.7542,6.8459,4.161,3.3828,4.6686,16.1651,3.5265,10.6081,13.7815
2025000606,2025年6月,94.8416,27.3805,7.6809,6.5383,4.7096,3.1331,5.0514,15.0541,1.8205,10.039,13.4335,94.9366,27.6013,7.6886,6.354,4.6815,3.1268,5.0312,15.0843,1.8334,10.0895,13.4469
2025000707,2025年7月,97.5767,28.4835,7.7068,6.2121,5.1617,3.0738,5.048,15.9997,2.0756,10.3652,13.4502,97.4792,28.5979,7.7068,6.0903,5.1207,3.0924,5.0279,15.9519,2.0903,10.3549,13.4367
2025000808,2025年8月,100.8441,30.715,7.8656,6.4376,4.4393,2.6084,4.9351,15.2329,1.9738,11.9306,14.7064,100.5425,30.5318,7.8343,6.6026,4.3997,2.6455,4.9203,15.112,1.9897,11.7543,14.6624
2025000909,2025年9月,97.777,28.0418,7.221,6.7923,3.9606,2.3033,5.0391,16.5999,3.5481,10.3545,13.9167,97.6793,27.8192,7.1923,7.0679,3.9527,2.276,5.0141,16.5009,3.5767,10.3752,13.9028
2025001010,2025年10月,97.7318,28.4694,7.8438,6.6194,3.6873,3.2416,5.1654,14.7723,4.1087,10.7284,13.0955,96.9562,28.0487,7.797,6.8171,3.6329,3.1937,5.1346,14.5684,4.1418,10.5803,12.9915
2025001111,2025年11月,100.0151,29.2307,7.5717,6.3991,4.4149,3.9636,5.1998,16.0367,2.641,11.2005,13.3569,98.8292,28.6857,7.5041,6.3357,4.3755,3.8973,5.1637,15.8466,2.6623,11.1006,13.1985
2025001212,2025年12月,111.39,34.8526,8.3503,7.3665,4.6433,3.8055,5.6019,15.414,2.8602,12.1791,16.3163,110.2872,34.1692,8.2758,7.3008,4.662,3.7603,5.5685,15.3526,2.8833,12.0944,16.1547
2026000101,2026年1月,98.1831,27.8652,7.5324,8.6243,3.8632,3.2245,4.7707,14.2169,2.0975,10.2456,15.7435,97.3074,27.1591,7.4505,8.5729,3.8944,3.2278,4.7422,14.2027,2.1144,10.3075,15.6031
2026000202,2026年2月,92.8652,26.2298,7.6639,9.1967,3.2082,2.4566,4.677,14.7201,2.2582,10.2475,12.2068,92.6798,25.6401,7.5805,9.9964,3.2244,2.4591,4.6491,14.6907,2.2718,10.2372,12.1825
2026000303,2026年3月,106.5423,29.1866,7.8527,8.8331,4.4945,3.5215,5.499,16.9938,4.0654,11.7644,14.3306,105.8017,28.5583,7.7672,9.5287,4.4412,3.4935,5.4608,16.6934,4.0858,11.6595,14.231
2026000404,2026年4月,104.1668,27.8715,8.2396,7.6531,4.456,3.2538,4.7829,16.6714,5.8226,11.2908,14.1259,103.0334,27.325,8.1098,7.7226,4.3729,3.1994,4.7639,16.425,6.097,11.1021,13.9722
2026000505,2026年5月,101.3136,29.9464,7.4191,6.6142,5.0684,3.6314,4.7685,15.4717,3.6362,10.941,13.8167,99.6201,29.2445,7.2665,6.4655,4.9496,3.5707,4.74,15.2131,3.8116,10.7264,13.5857
2026000606,2026年6月,94.3773,27.3916,8.5539,6.1332,4.5134,2.6462,5.2457,14.9986,2.0856,10.0164,12.7922,92.7086,26.7496,8.3535,5.9895,4.3862,2.6045,5.1429,14.6757,2.1839,9.9271,12.566
2026000707,2026年7月,97.7318,28.8634,7.652,5.7348,5.1021,3.1938,5.0691,16.2137,1.7983,10.5115,13.5927,95.4412,27.9955,7.4508,5.5841,4.8824,3.1779,4.9455,15.7568,1.885,10.3054,13.2741