年,1-12,1-6,7-12,1-3,4-6,7-9,10-12,1,2,3,4,5,6,7,8,9,10,11,12,4-3
year,年平均,上半期,下半期,第１四半期,第２四半期,第３四半期,第４四半期,１月,２月,３月,４月,５月,６月,７月,８月,９月,１０月,１１月,１２月,年度平均
,year av.,1st Half,2nd Half,1st Qr.,2nd Qr.,3rd Qr.,4th Qr.,Jan.,Feb.,Mar.,Apr.,May,Jun.,Jul.,Aug.,Sep.,Oct.,Nov.,Dec.,fiscal y. av.
1952,-,-,-,-,-,-,-,-,-,-,-,-,-,-,-,-,-,-,-,-
1953,-,-,-,-,-,-,-,-,-,-,-,-,-,-,-,-,-,-,-,-
1954,-,-,-,-,-,-,-,-,-,-,-,-,-,-,-,-,-,-,-,-
1955,-,-,-,-,-,-,-,-,-,-,-,-,-,-,-,-,-,-,-,-
1956,-,-,-,-,-,-,-,-,-,-,-,-,-,-,-,-,-,-,-,-
1957,-,-,-,-,-,-,-,-,-,-,-,-,-,-,-,-,-,-,-,-
1958,-,-,-,-,-,-,-,-,-,-,-,-,-,-,-,-,-,-,-,-
1959,-,-,-,-,-,-,-,-,-,-,-,-,-,-,-,-,-,-,-,-
1960,-,-,-,-,-,-,-,-,-,-,-,-,-,-,-,-,-,-,-,-
1961,-,-,-,-,-,-,-,-,-,-,-,-,-,-,-,-,-,-,-,-
1962,-,-,-,-,-,-,-,-,-,-,-,-,-,-,-,-,-,-,-,-
1963,-,-,-,-,-,-,-,-,-,-,-,-,-,-,-,-,-,-,-,-
1964,-,-,-,-,-,-,-,-,-,-,-,-,-,-,-,-,-,-,-,-
1965,-,-,-,-,-,-,-,-,-,-,-,-,-,-,-,-,-,-,-,-
1966,-,-,-,-,-,-,-,-,-,-,-,-,-,-,-,-,-,-,-,-
1967,-,-,-,-,-,-,-,-,-,-,-,-,-,-,-,-,-,-,-,-
1968,-,-,-,-,-,-,-,-,-,-,-,-,-,-,-,-,-,-,-,-
1969,-,-,-,-,-,-,-,-,-,-,-,-,-,-,-,-,-,-,-,-
1970,-,-,-,-,-,-,-,-,-,-,-,-,-,-,-,-,-,-,-,-
1971,-,-,-,-,-,-,-,-,-,-,-,-,-,-,-,-,-,-,-,-
1972,-,-,-,-,-,-,-,-,-,-,-,-,-,-,-,-,-,-,-,-
1973,-,-,-,-,-,-,-,-,-,-,-,-,-,-,-,-,-,-,-,-
1974,-,-,-,-,-,-,-,-,-,-,-,-,-,-,-,-,-,-,-,-
1975,-,-,-,-,-,-,-,-,-,-,-,-,-,-,-,-,-,-,-,-
1976,-,-,-,-,-,-,-,-,-,-,-,-,-,-,-,-,-,-,-,-
1977,-,-,-,-,-,-,-,-,-,-,-,-,-,-,-,-,-,-,-,-
1978,-,-,-,-,-,-,-,-,-,-,-,-,-,-,-,-,-,-,-,-
1979,-,-,-,-,-,-,-,-,-,-,-,-,-,-,-,-,-,-,-,-
1980,-,-,-,-,-,-,-,-,-,-,-,-,-,-,-,-,-,-,-,-
1981,-,-,-,-,-,-,-,-,-,-,-,-,-,-,-,-,-,-,-,-
1982,-,-,-,-,-,-,-,-,-,-,-,-,-,-,-,-,-,-,-,-
1983,-,-,-,-,-,-,-,-,-,-,-,-,-,-,-,-,-,-,-,-
1984,-,-,-,-,-,-,-,-,-,-,-,-,-,-,-,-,-,-,-,-
1985,-,-,-,-,-,-,-,-,-,-,-,-,-,-,-,-,-,-,-,-
1986,-,-,-,-,-,-,-,-,-,-,-,-,-,-,-,-,-,-,-,-
1987,-,-,-,-,-,-,-,-,-,-,-,-,-,-,-,-,-,-,-,-
1988,-,-,-,-,-,-,-,-,-,-,-,-,-,-,-,-,-,-,-,-
1989,-,-,-,-,-,-,-,-,-,-,-,-,-,-,-,-,-,-,-,-
1990,13,12.8,13.1,12.9,12.6,13,13.3,12.89,12.65,13.26,12.64,12.56,12.7,12.92,13.06,13.03,13.01,13.29,13.58,81.2
1991,13.5,13.3,13.6,13.5,13.2,13.4,13.8,13.22,13.49,13.65,13.2,13.24,13.25,13.39,13.51,13.41,13.57,13.69,14.01,83.2
1992,13.8,13.6,14,13.8,13.5,13.9,14.1,13.76,13.82,13.81,13.5,13.47,13.5,13.78,13.93,13.86,13.96,14.04,14.39,85.5
1993,14.4,14.2,14.5,14.4,14.1,14.4,14.6,14.32,14.3,14.55,14.11,14.08,14.02,14.44,14.44,14.44,14.55,14.5,14.77,87
1994,14.4,14.5,14.4,14.6,14.3,14.4,14.5,14.62,14.64,14.65,14.28,14.26,14.33,14.36,14.39,14.38,14.44,14.39,14.53,87.7
1995,14.5,14.2,14.7,14.3,14.2,14.6,14.8,14.36,14.28,14.33,14.11,14.18,14.24,14.54,14.62,14.62,14.78,14.73,14.85,88.3
1996,15,14.8,15.2,14.9,14.8,15,15.3,14.86,14.97,14.99,14.74,14.72,14.8,15.01,15.02,15.11,15.17,15.26,15.56,89
1997,15.6,15.4,15.8,15.5,15.3,15.6,16,15.5,15.42,15.46,15.24,15.25,15.29,15.51,15.66,15.7,15.91,15.97,16.11,89.7
1998,16.3,16.1,16.5,16.2,16,16.4,16.5,16.15,16.21,16.19,15.95,15.94,15.96,16.34,16.41,16.43,16.41,16.53,16.67,89.5
1999,19.5,19.3,19.8,19.4,19.2,19.6,19.9,19.33,19.36,19.45,19.14,19.25,19.3,19.58,19.68,19.66,19.74,19.85,20.01,89.1
2000,20.3,20,20.6,20.1,20,20.4,20.7,20.03,20.07,20.07,20,19.95,20.14,20.29,20.48,20.53,20.57,20.68,20.86,88.7
2001,21.1,20.9,21.2,21.1,20.8,21.2,21.3,21.07,21.08,21.01,20.76,20.79,20.86,21.08,21.21,21.21,21.14,21.27,21.57,88.3
2002,22.1,22,22.2,22,22,22.1,22.3,22.03,22.03,21.95,21.92,21.97,22.08,22.07,22.06,22.23,22.14,22.33,22.51,87.4
2003,22.7,22.4,22.9,22.5,22.4,22.8,23,22.59,22.42,22.44,22.36,22.32,22.39,22.7,22.73,22.82,23.02,22.88,23.15,86.8
2004,25.2,25.1,25.4,25,25.1,25.2,25.6,25.03,25.02,25.03,25.02,25.07,25.22,25.16,25.22,25.34,25.55,25.44,25.72,86.9
2005,25.3,25.2,25.4,25.4,25,25.3,25.5,25.39,25.33,25.38,24.86,25,25.15,25.23,25.23,25.33,25.5,25.44,25.43,87
2006,25.4,25.3,25.5,25.5,25.2,25.3,25.6,25.52,25.41,25.52,25.15,25.18,25.22,25.33,25.33,25.36,25.43,25.51,25.83,87.8
2007,26,25.9,26.2,26,25.8,26.1,26.3,25.97,26.07,25.93,25.69,25.67,25.89,26.03,26.16,26.18,26.29,26.3,26.26,90.1
2008,26.1,25.9,26.2,26,25.8,26.1,26.3,26.11,25.97,25.91,25.56,25.75,25.94,26.05,26.09,26.19,26.26,26.35,26.43,91.9
2009,27.2,27,27.5,27.1,26.9,27.3,27.6,27.13,26.81,27.36,26.79,26.92,27.08,27.31,27.27,27.36,27.48,27.65,27.76,92.4
2010,27.8,27.5,28,27.6,27.4,27.9,28.2,27.55,27.57,27.56,27.29,27.36,27.56,27.94,27.9,27.94,28.02,28.24,28.22,92.7
2011,28.1,28,28.3,28.2,27.8,28.2,28.4,28.14,28.15,28.19,27.77,27.78,27.91,28.17,28.18,28.17,28.25,28.44,28.55,92.9
2012,28.7,28.4,28.9,28.5,28.4,28.8,29,28.59,28.31,28.54,28.32,28.31,28.61,28.68,28.81,28.8,28.89,28.94,29.28,93.1
2013,29.3,29.1,29.5,29.3,29,29.4,29.7,29.31,29.23,29.33,28.78,29,29.19,29.31,29.46,29.42,29.48,29.63,29.9,93.7
2014,29.7,29.5,29.8,29.6,29.4,29.7,30,29.75,29.62,29.52,29.29,29.43,29.51,29.67,29.66,29.74,29.79,29.92,30.18,94.8
2015,30.4,30.2,30.6,30.4,30,30.5,30.7,30.38,30.5,30.39,29.83,29.93,30.25,30.53,30.53,30.4,30.55,30.71,30.91,95.9
2016,30.6,30.5,30.8,30.7,30.3,30.7,30.9,30.8,30.59,30.58,30.19,30.24,30.48,30.62,30.62,30.72,30.76,30.88,31.07,97
2017,30.7,30.6,30.8,30.7,30.4,30.7,31,30.76,30.81,30.65,30.24,30.36,30.58,30.6,30.65,30.7,30.83,30.93,31.11,98.5
2018,30.9,30.7,31.1,30.9,30.5,30.9,31.3,30.85,30.94,30.79,30.39,30.44,30.6,30.9,30.9,30.97,31.18,31.22,31.41,98.9
2019,31.5,31.5,31.6,31.8,31.2,31.5,31.7,31.81,31.89,31.76,31.09,31.14,31.31,31.44,31.47,31.5,31.49,31.72,31.79,100.1
2020,31.1,31.1,31.2,31.7,30.5,30.9,31.4,31.82,31.74,31.61,30.55,30.24,30.67,30.77,30.92,31.06,31.18,31.52,31.52,100
2021,31.3,31,31.5,31.2,30.8,31.3,31.8,31.23,31.28,31.2,30.71,30.8,30.92,31.23,31.33,31.31,31.59,31.81,31.94,100.6
2022,31.6,31.3,31.9,31.4,31.3,31.7,32,31.4,31.35,31.32,31.18,31.19,31.54,31.52,31.85,31.68,31.92,31.96,32.23,101.7
2023,32.2,32,32.5,32.2,31.8,32.3,32.7,32.08,32.22,32.2,31.67,31.81,32.01,32.21,32.24,32.43,32.5,32.68,32.82,103.5
2024,30.9,30.8,30.9,30.9,30.6,30.8,31.1,30.88,30.92,30.93,30.48,30.7,30.7,30.77,30.82,30.72,31,31.12,31.22,104.7
2025,31.3,31.3,31.3,31.5,31.1,31.2,31.4,31.43,31.65,31.51,31.04,31.05,31.23,31.24,31.21,31.14,31.2,31.49,31.51,106.2
2026,,31.6,,31.8,31.3,,,31.83,31.86,31.82,31.16,31.3,31.35,,,,,,,
,,,,,,,,,,,,,,,,,,,,
毎月勤労統計調査(MONTHLY LABOUR SURVEY),,,,,常用雇用指数(Regular employment indices),,,,,,,,,,,,,,,
　　事業所規模(Size of establishments)：,,,,,５人以上(Establishments with 5 or more employees),,,,,,,,,,,,,,,
　　就業形態(Type of Employment):,,,,,就業形態計(Total),,,,,,,,,,,,,,,
　　産業(Industry):,,,,,調査産業計(Industries covered),,,,,,,,,,,,,,,
,,,,,,,,,,,,,,,,,,,,
　前年比(Year-on-year growth rates)：％(%),,,,,,,,,,,,,,,,,,,,
年,1-12,1-6,7-12,1-3,4-6,7-9,10-12,1,2,3,4,5,6,7,8,9,10,11,12,4-3
year,年平均,上半期,下半期,第１四半期,第２四半期,第３四半期,第４四半期,１月,２月,３月,４月,５月,６月,７月,８月,９月,１０月,１１月,１２月,年度平均
,year av.,1st Half,2nd Half,1st Qr.,2nd Qr.,3rd Qr.,4th Qr.,Jan.,Feb.,Mar.,Apr.,May,Jun.,Jul.,Aug.,Sep.,Oct.,Nov.,Dec.,fiscal y. av.
