年　月,__EMPTY_3,__EMPTY_4,__EMPTY_5,__EMPTY_6,__EMPTY_7,（再掲）,__EMPTY_8,__EMPTY_9,__EMPTY_10,__EMPTY_11,__EMPTY_12,（再掲）_1,__EMPTY_13,__EMPTY_14,__EMPTY_15,__EMPTY_16,__EMPTY_17,（再掲）_2
Year and month ,15～24,25～34,35～44,45～54,55～64,20～69歳,15～24,25～34,35～44,45～54,55～64,20～69歳,15～24,25～34,35～44,45～54,55～64,20～69歳
,,,,,,years old,,,,,,years old,,,,,,years old
昭和47年,… ,… ,… ,… ,… ,… ,… ,… ,… ,… ,… ,… ,… ,… ,… ,… ,… ,… 
1972,… ,… ,… ,… ,… ,… ,… ,… ,… ,… ,… ,… ,… ,… ,… ,… ,… ,… 
,… ,… ,… ,… ,… ,… ,… ,… ,… ,… ,… ,… ,… ,… ,… ,… ,… ,… 
,… ,… ,… ,… ,… ,… ,… ,… ,… ,… ,… ,… ,… ,… ,… ,… ,… ,… 
,… ,… ,… ,… ,… ,… ,… ,… ,… ,… ,… ,… ,… ,… ,… ,… ,… ,… 
,… ,… ,… ,… ,… ,… ,… ,… ,… ,… ,… ,… ,… ,… ,… ,… ,… ,… 
※注_Notes,1938,1777,1612,1167,853,6816,979,887,811,537,391,3326,959,889,800,629,462,3490
,1931,1786,1616,1170,855,6831,976,891,808,544,391,3329,955,893,807,626,463,3501
,1921,1791,1627,1165,855,6834,972,895,807,548,391,3330,951,897,820,618,464,3501
,1919,1796,1646,1152,859,6835,963,895,812,543,392,3323,956,901,833,609,466,3512
,1912,1802,1643,1162,859,6854,960,899,817,544,392,3332,952,903,825,619,467,3519
,1906,1804,1622,1190,859,6863,957,900,809,553,392,3339,949,905,811,637,467,3523
昭和48年,1897,1811,1625,1197,861,6885,953,904,813,555,393,3347,944,908,810,642,468,3539
1973,1887,1817,1631,1198,862,6884,948,907,819,553,393,3346,939,911,810,645,469,3538
,1879,1825,1635,1199,864,6882,944,911,821,553,393,3346,935,914,813,645,471,3537
,1873,1831,1633,1207,865,6899,941,914,821,557,393,3352,932,917,810,650,471,3546
,1867,1838,1636,1208,866,6906,937,917,822,561,394,3360,928,921,815,648,472,3548
,1862,1844,1657,1190,867,6918,935,921,833,552,394,3364,925,924,825,639,472,3555
,1854,1852,1656,1195,867,6926,931,923,832,556,395,3367,922,927,825,640,472,3560
,1850,1860,1643,1212,868,6936,929,929,824,566,395,3374,919,930,821,647,473,3564
,1844,1867,1641,1217,869,6942,926,933,823,569,395,3378,916,934,820,649,474,3564
,1837,1874,1641,1222,869,6943,923,936,823,571,395,3378,913,938,820,651,474,3566
,1830,1882,1641,1228,869,6960,920,939,822,574,395,3387,908,942,820,653,474,3575
,1827,1888,1640,1231,869,6966,918,943,822,576,395,3386,907,945,819,654,475,3581
昭和49年,1816,1898,1643,1238,870,6976,913,949,823,581,395,3394,901,950,821,658,476,3585
1974,1808,1903,1643,1243,870,6988,909,952,823,583,395,3404,897,953,820,661,477,3587
,1800,1911,1640,1249,872,6988,905,954,822,587,395,3404,893,955,819,663,477,3585
,1795,1918,1642,1252,872,6996,903,959,821,589,394,3408,891,960,819,664,478,3588
,1791,1927,1642,1258,872,7002,901,964,822,591,394,3411,888,964,820,666,478,3592
,1783,1934,1642,1261,872,7011,898,967,822,594,394,3411,885,968,819,668,478,3600
,1774,1941,1642,1265,873,7020,894,972,823,596,394,3419,880,971,820,669,478,3601
,1770,1949,1643,1269,873,7019,891,974,823,598,394,3422,877,975,820,671,479,3600
,1762,1956,1645,1272,873,7028,888,979,824,601,394,3422,874,977,821,672,479,3604
,1755,1963,1646,1276,875,7039,884,981,824,603,395,3430,870,981,822,674,480,3610
,1749,1968,1648,1279,877,7047,882,983,825,605,395,3436,866,984,822,674,482,3614
,1742,1974,1648,1281,879,7053,878,987,826,607,395,3436,863,986,822,676,482,3616
昭和50年,1736,1977,1652,1287,882,7069,876,990,827,610,396,3444,860,987,825,677,485,3626
1975,1729,1980,1653,1291,884,7082,872,991,828,613,397,3453,857,988,826,678,486,3628
,1725,1983,1652,1294,887,7087,870,993,828,616,399,3458,853,989,825,679,488,3630
,1723,1985,1655,1297,888,7090,870,993,829,618,399,3460,851,991,826,680,489,3631
,1719,1989,1657,1300,889,7098,867,996,830,619,399,3462,850,994,828,682,491,3638
,1716,1992,1660,1303,891,7104,866,997,831,621,400,3465,848,995,828,683,492,3640
,1709,1996,1661,1306,892,7108,862,1000,833,624,400,3470,845,996,829,684,493,3639
,1705,2000,1664,1310,894,7113,860,1001,833,626,401,3474,843,999,830,686,494,3641
,1702,2004,1665,1314,896,7125,859,1003,834,629,401,3477,841,999,831,687,495,3647
,1697,2005,1667,1318,898,7131,857,1004,835,631,401,3480,838,1001,832,688,496,3652
,1692,2009,1668,1323,899,7144,854,1007,835,634,402,3488,836,1002,833,690,497,3656
,1688,2011,1670,1326,899,7152,853,1008,836,636,402,3491,833,1002,833,691,498,3662
昭和51年,1680,2013,1673,1334,901,7161,850,1009,838,640,402,3496,830,1004,836,694,499,3665
1976,1674,2012,1676,1339,902,7164,847,1010,839,643,402,3498,827,1003,837,696,500,3667
,1670,2012,1676,1344,905,7170,845,1009,839,646,403,3501,825,1003,836,698,502,3669
,1668,2014,1678,1347,905,7177,844,1010,840,649,403,3503,824,1004,838,700,502,3673
,1666,2015,1681,1352,906,7186,843,1011,842,652,403,3510,822,1004,839,700,503,3678
,1663,2015,1683,1356,907,7192,842,1011,843,654,403,3511,821,1004,840,702,504,3680
,1657,2015,1686,1359,908,7194,839,1010,844,655,403,3513,819,1005,842,704,504,3681
,1657,2015,1691,1364,909,7204,839,1011,847,658,404,3518,818,1004,844,705,505,3686
,1655,2014,1693,1368,910,7211,838,1010,848,661,404,3521,817,1004,845,707,506,3689
,1652,2012,1696,1371,911,7216,837,1009,850,663,404,3524,816,1003,848,708,507,3692
,1650,2010,1701,1374,912,7221,836,1008,851,665,405,3526,814,1002,850,709,508,3695
,1647,2010,1704,1377,913,7221,834,1008,853,667,404,3527,813,1002,851,709,508,3695
昭和52年,1642,2008,1709,1382,915,7232,832,1007,856,670,405,3532,810,1001,854,712,510,3700
1977,1637,2007,1712,1387,917,7235,829,1007,857,674,406,3534,808,1000,855,713,511,3702
,1634,2005,1710,1393,919,7239,829,1006,856,678,407,3536,806,999,855,715,513,3702
,1632,2006,1711,1397,920,7243,827,1006,856,679,406,3537,805,1000,855,716,514,3705
,1631,2007,1714,1402,921,7252,826,1007,858,683,407,3544,803,1000,856,718,514,3710
,1629,2008,1716,1406,922,7257,826,1007,859,686,407,3546,802,1000,857,720,515,3712
,1624,2007,1718,1410,923,7258,824,1006,860,688,407,3546,800,1000,859,721,516,3712
,1625,2007,1721,1414,924,7266,823,1006,860,691,408,3551,800,1001,860,723,517,3716
,1623,2006,1722,1418,925,7270,823,1006,862,693,408,3552,800,1001,861,725,517,3718
,1621,2006,1723,1423,927,7276,823,1006,862,696,409,3554,798,1000,861,727,519,3721
,1620,2005,1723,1428,929,7279,822,1006,861,700,409,3557,798,1000,861,729,520,3722
,1617,2004,1724,1431,930,7281,822,1004,862,701,409,3557,797,999,861,729,520,3723
昭和53年,1615,2004,1724,1438,933,7297,820,1005,862,705,411,3563,796,999,862,732,522,3734
1978,1612,2002,1726,1442,935,7298,819,1004,863,708,411,3559,794,998,862,734,524,3739
,1610,2000,1725,1446,938,7308,818,1003,863,711,412,3564,793,997,863,735,525,3743
,1610,1998,1728,1449,939,7309,818,1002,864,712,413,3568,792,996,864,737,526,3741
,1610,1999,1730,1454,941,7322,817,1003,866,715,413,3580,793,997,865,738,527,3744
,1609,2000,1733,1456,942,7332,818,1003,867,718,414,3581,792,997,866,740,528,3749
,1606,1998,1734,1459,943,7320,816,1003,867,719,414,3574,790,996,866,741,529,3745
,1607,1997,1739,1463,944,7333,816,1002,869,721,415,3583,791,996,869,742,530,3749
,1607,1994,1742,1465,946,7338,817,1000,871,723,415,3586,790,994,871,743,531,3752
,1607,1990,1745,1469,948,7347,816,998,872,725,416,3587,790,993,873,744,532,3759
,1607,1987,1747,1472,950,7352,817,997,873,727,417,3590,790,990,873,746,533,3761
,1606,1985,1748,1475,951,7351,816,995,873,728,418,3592,790,990,874,746,534,3759
昭和54年,1604,1982,1751,1479,955,7360,815,994,876,731,420,3593,788,988,876,749,535,3767
1979,1601,1978,1755,1483,958,7365,814,992,877,733,421,3594,787,986,878,750,537,3772
,1600,1975,1756,1485,961,7372,814,991,878,735,423,3603,787,984,878,750,539,3769
,1602,1970,1759,1488,963,7382,815,989,879,737,423,3606,787,982,881,752,539,3776
,1604,1969,1762,1493,965,7391,816,988,881,738,424,3611,788,981,881,753,540,3781
,1605,1968,1764,1494,966,7384,817,987,881,740,425,3612,788,980,883,754,541,3772
,1603,1966,1766,1497,967,7390,815,987,882,741,426,3614,787,980,884,756,542,3776
,1605,1967,1768,1500,970,7398,817,987,883,744,427,3619,789,980,885,757,543,3779
,1606,1966,1769,1502,972,7404,817,986,884,745,428,3620,789,979,886,758,544,3785
,1607,1964,1772,1505,975,7407,818,986,885,745,429,3620,789,979,886,758,545,3785
,1607,1964,1771,1506,978,7411,818,986,885,747,431,3626,789,979,887,760,547,3784
,1608,1965,1771,1507,980,7418,819,986,884,748,432,3631,790,979,886,760,548,3786
昭和55年,1606,1971,1765,1513,985,7429,818,989,881,750,435,3637,789,982,883,762,550,3791
1980,1604,1969,1763,1516,989,7439,817,988,881,752,437,3641,788,981,882,763,552,3798
,1606,1968,1759,1517,994,7440,818,988,879,753,440,3643,788,980,881,764,555,3797
,1608,1968,1760,1520,996,7437,819,988,879,755,440,3640,789,980,881,765,556,3796
,1609,1969,1761,1524,999,7448,819,988,880,757,442,3648,789,980,881,767,557,3801
,1611,1971,1761,1526,1001,7455,821,990,880,758,443,3651,790,981,881,768,558,3804
,1610,1972,1758,1528,1003,7453,820,990,878,759,444,3647,790,982,880,769,559,3807
,1615,1974,1758,1531,1007,7464,822,991,878,761,446,3654,792,983,880,770,561,3811
,1618,1975,1755,1535,1010,7471,824,991,877,763,448,3653,794,983,879,772,562,3819
,1621,1976,1753,1538,1013,7470,826,992,875,765,450,3658,795,984,877,774,563,3812
,1622,1978,1746,1543,1016,7469,827,993,872,767,451,3666,796,985,874,776,565,3802
,1623,1979,1742,1543,1019,7474,827,994,870,768,453,3667,796,985,872,775,566,3807
昭和56年,1619,1986,1733,1550,1024,7495,825,998,866,771,456,3672,794,989,868,779,568,3823
1981,1614,1988,1728,1552,1028,7498,823,998,863,772,458,3670,792,990,865,780,570,3828
,1611,1991,1722,1553,1033,7498,821,1000,860,773,461,3666,790,991,862,780,572,3832
,1609,1994,1719,1555,1036,7507,820,1001,858,774,462,3675,789,992,860,781,574,3832
,1607,1996,1717,1557,1041,7515,819,1003,858,775,465,3683,788,994,860,782,576,3832
,1605,1997,1718,1558,1044,7521,818,1003,858,776,467,3685,787,994,860,782,577,3835
,1601,1994,1719,1560,1046,7513,817,1002,859,777,468,3683,784,992,860,783,578,3831
,1602,1992,1722,1562,1049,7527,817,1001,860,778,470,3687,785,992,862,784,580,3840
,1601,1988,1726,1564,1052,7536,817,999,862,779,471,3693,784,990,864,785,581,3843
,1599,1983,1729,1565,1056,7536,816,996,864,779,473,3695,783,987,866,786,583,3841
,1598,1979,1733,1566,1060,7542,815,994,866,780,476,3699,783,985,868,787,584,3842
,1599,1974,1735,1566,1063,7537,816,991,867,780,477,3698,783,983,868,786,585,3839
昭和57年,1602,1967,1740,1571,1069,7545,817,988,869,782,481,3698,784,979,871,789,588,3847
1982,1604,1961,1744,1574,1074,7542,818,985,871,784,484,3693,785,976,872,790,590,3849
,1609,1952,1745,1575,1079,7540,821,980,872,784,487,3693,788,972,873,791,593,3847
,1609,1953,1750,1574,1080,7549,819,982,875,782,486,3698,789,971,876,792,594,3852
,1613,1948,1756,1576,1084,7568,822,980,878,783,488,3705,792,968,878,793,596,3862
,1617,1941,1762,1578,1086,7565,824,976,881,784,489,3707,793,965,881,794,597,3857
,1618,1933,1770,1580,1089,7560,825,972,885,785,491,3705,794,960,885,795,598,3856
,1624,1924,1778,1582,1093,7585,828,968,889,786,493,3712,797,956,889,796,600,3873
,1629,1915,1784,1585,1096,7587,830,963,892,788,495,3718,799,952,892,797,601,3870
,1632,1906,1789,1588,1100,7589,832,958,894,789,497,3720,801,947,895,799,603,3871
,1635,1898,1793,1592,1104,7595,833,955,896,791,499,3718,802,943,896,801,604,3878
,1637,1893,1796,1594,1106,7594,834,952,899,792,501,3722,803,941,898,802,605,3871
昭和58年,1638,1883,1804,1599,1112,7595,835,947,902,794,504,3726,803,936,902,804,608,3869
1983,1637,1872,1810,1600,1117,7595,834,942,905,795,507,3727,802,931,905,805,610,3869
,1639,1864,1815,1599,1123,7599,836,937,908,795,511,3729,803,926,907,804,612,3869
,1642,1857,1821,1601,1127,7604,838,934,911,795,513,3732,805,923,910,806,614,3873
,1646,1853,1829,1602,1130,7615,839,932,915,796,515,3738,806,921,914,806,616,3877
,1649,1847,1835,1602,1134,7619,841,929,918,796,517,3740,808,918,917,806,617,3879
,1649,1841,1843,1601,1138,7622,842,926,922,795,519,3742,808,915,920,806,619,3879
,1655,1835,1851,1601,1142,7631,844,923,926,795,521,3747,810,912,925,806,621,3884
,1658,1828,1858,1600,1146,7635,846,919,930,795,524,3748,812,909,928,805,623,3886
,1660,1822,1865,1599,1151,7641,847,916,933,794,527,3751,813,906,932,805,625,3889
,1662,1815,1872,1598,1157,7645,848,913,937,794,530,3754,814,902,936,804,627,3891
,1664,1809,1878,1598,1160,7646,849,910,940,794,531,3755,815,899,938,804,629,3890
昭和59年,1665,1800,1887,1600,1167,7655,850,905,945,795,536,3759,815,894,943,805,632,3895
1984,1664,1791,1894,1600,1173,7655,849,901,948,795,538,3760,814,890,946,805,634,3895
,1667,1783,1901,1597,1179,7660,851,897,952,794,542,3764,816,886,949,804,637,3895
,1669,1777,1908,1597,1183,7663,853,894,955,793,544,3765,817,883,953,804,639,3898
,1673,1773,1916,1598,1187,7674,855,892,959,793,546,3771,819,881,957,804,640,3903
,1677,1767,1923,1598,1190,7680,856,889,963,794,548,3774,820,878,960,804,642,3905
,1677,1760,1930,1598,1193,7683,857,885,967,793,550,3776,820,874,964,804,643,3907
,1683,1753,1938,1599,1198,7693,860,882,970,794,553,3781,823,871,968,805,645,3912
,1686,1746,1945,1600,1201,7699,861,878,974,795,555,3785,825,867,971,806,647,3915
,1688,1738,1951,1601,1204,7703,863,874,977,795,557,3786,826,863,974,806,648,3916
,1691,1731,1956,1603,1208,7709,864,871,979,796,559,3789,827,860,977,807,649,3920
,1693,1723,1962,1603,1210,7711,865,867,982,796,560,3792,828,855,979,806,650,3919
昭和60年,1696,1718,1964,1607,1215,7723,867,865,984,798,564,3797,829,853,981,809,652,3925
1985,1694,1711,1967,1609,1218,7723,866,861,985,799,566,3797,828,850,982,810,653,3924
,1698,1706,1968,1608,1222,7728,868,859,986,799,569,3801,830,847,983,810,654,3927
,1700,1702,1972,1611,1225,7736,869,857,988,800,570,3805,831,845,984,811,655,3931
,1705,1700,1976,1613,1228,7747,872,856,989,801,572,3810,833,844,986,812,656,3936
,1709,1697,1978,1615,1231,7753,874,854,991,802,574,3814,835,843,988,813,657,3939
,1711,1693,1982,1616,1234,7759,875,852,993,803,576,3818,836,840,989,814,658,3941
,1716,1688,1986,1618,1237,7768,878,850,995,803,578,3822,838,838,991,815,659,3946
,1719,1683,1988,1620,1241,7776,880,847,996,804,580,3826,840,836,993,816,661,3949
,1722,1676,1993,1621,1244,7787,881,844,998,805,582,3832,841,832,995,817,662,3954
,1725,1671,1998,1622,1248,7798,882,841,1001,805,585,3838,843,830,997,817,663,3961
,1727,1664,2003,1623,1249,7804,884,838,1004,806,586,3842,844,826,999,817,664,3961
昭和61年,1729,1656,2008,1625,1256,7813,885,834,1006,807,590,3847,845,822,1002,819,666,3967
1986,1729,1652,2004,1630,1263,7801,885,832,1004,809,593,3840,844,820,1000,821,669,3961
,1735,1651,1998,1631,1270,7795,888,832,1001,810,598,3839,847,820,997,821,672,3957
,1738,1648,1999,1633,1273,7797,889,830,1001,811,600,3840,848,818,998,823,673,3958
,1743,1648,2001,1636,1277,7807,892,830,1003,812,602,3845,851,818,999,824,675,3961
,1748,1645,2002,1639,1280,7809,894,829,1003,814,604,3847,853,816,999,825,676,3963
,1749,1641,2002,1642,1284,7808,896,827,1003,815,606,3847,853,814,998,827,677,3961
,1755,1638,2002,1646,1288,7813,899,826,1003,817,609,3850,857,813,998,829,679,3965
,1760,1637,2000,1650,1291,7819,901,825,1003,819,611,3852,859,812,998,831,681,3966
,1765,1634,1999,1653,1295,7822,903,823,1002,821,613,3854,862,811,997,833,682,3967
,1769,1631,1998,1658,1298,7826,905,822,1001,823,615,3857,863,809,996,835,683,3969
,1771,1625,1997,1660,1299,7823,907,820,1001,824,616,3856,864,806,995,836,683,3966
昭和62年,1774,1626,1995,1663,1304,7833,907,820,1000,825,618,3858,868,805,995,838,685,3974
1987,1772,1621,1994,1665,1308,7834,906,818,999,826,621,3859,866,803,994,839,687,3975
,1778,1618,1994,1665,1314,7847,909,817,1000,826,625,3868,869,801,994,839,689,3979
,1780,1614,1994,1666,1318,7851,910,815,1000,827,627,3869,870,800,994,840,691,3982
,1786,1613,1994,1668,1322,7862,913,814,1000,827,630,3874,873,799,995,841,692,3987
,1791,1611,1995,1669,1326,7871,916,813,1000,828,632,3879,875,798,995,841,694,3991
,1792,1609,1995,1672,1329,7875,917,812,1000,829,634,3883,875,796,995,842,695,3993
,1800,1607,1995,1674,1333,7885,920,811,1000,830,636,3887,879,796,995,844,697,3998
,1804,1604,1994,1676,1337,7891,923,810,1000,831,639,3891,881,794,994,845,698,4000
,1809,1602,1994,1676,1342,7898,925,809,1000,831,641,3894,884,793,994,845,701,4004
,1813,1601,1994,1677,1347,7908,927,809,1000,831,645,3899,886,793,994,845,703,4008
,1816,1598,1993,1678,1350,7906,929,807,1000,832,646,3901,887,791,993,845,703,4006
昭和63年,1819,1597,1993,1679,1357,7920,930,807,1000,833,650,3907,889,790,994,846,707,4013
1988,1815,1594,1991,1681,1361,7917,929,805,999,834,653,3905,886,789,993,847,708,4012
,1822,1592,1989,1680,1364,7922,932,804,998,833,655,3909,890,788,991,847,709,4013
,1825,1590,1989,1683,1367,7931,934,803,998,835,657,3914,891,787,991,848,710,4017
,1831,1591,1991,1686,1370,7944,937,804,999,836,659,3922,894,787,992,849,711,4023
,1835,1588,1990,1686,1371,7944,939,803,998,836,660,3922,896,785,991,850,712,4023
,1834,1587,1990,1690,1375,7953,940,802,999,838,662,3927,894,785,991,851,713,4025
,1842,1587,1989,1694,1378,7963,943,802,998,841,664,3933,899,785,991,854,715,4030
,1848,1587,1986,1698,1381,7974,946,802,997,843,666,3938,902,785,989,856,716,4037
,1852,1587,1982,1701,1384,7979,948,802,994,843,667,3941,904,785,988,857,717,4038
,1857,1587,1980,1703,1387,7989,950,802,994,845,669,3945,906,785,986,859,718,4043
,1859,1584,1978,1705,1389,7991,952,802,993,846,670,3950,907,782,985,859,719,4042
平成元年,1862,1585,1975,1709,1393,8003,953,802,992,847,673,3954,909,783,984,861,721,4049
1989,1856,1581,1971,1712,1396,7999,951,800,990,849,674,3953,905,781,982,863,722,4046
,1863,1580,1968,1714,1399,8009,954,799,989,851,676,3960,909,780,979,863,723,4050
,1865,1578,1964,1716,1401,8012,956,799,986,851,677,3961,910,780,978,865,724,4052
,1870,1584,1963,1721,1406,8031,958,802,986,854,680,3971,912,782,977,867,726,4060
,1874,1584,1963,1722,1408,8039,960,802,986,855,681,3975,914,782,977,868,727,4062
,1871,1585,1961,1723,1411,8041,959,802,985,855,682,3978,911,782,976,868,728,4063
,1878,1585,1961,1726,1414,8052,962,803,985,856,684,3982,916,783,976,870,729,4070
,1884,1587,1961,1728,1416,8062,965,803,985,857,685,3988,919,783,976,871,731,4075
,1887,1586,1960,1729,1418,8067,966,803,984,858,686,3990,920,783,975,872,731,4077
,1889,1588,1960,1730,1420,8075,968,804,985,858,688,3994,922,784,975,872,732,4080
,1889,1585,1960,1729,1420,8073,968,803,985,858,688,3995,921,782,975,871,732,4076
平成 2年,1890,1585,1966,1723,1425,8082,968,803,988,855,691,4000,922,782,978,868,735,4082
1990,1883,1585,1965,1722,1430,8078,965,802,987,854,693,3999,918,783,978,868,737,4080
,1888,1586,1964,1719,1432,8088,968,803,988,853,695,4005,920,783,976,866,737,4081
,1890,1584,1963,1718,1434,8089,969,802,987,852,695,4005,921,782,976,866,739,4083
,1894,1590,1965,1720,1437,8107,970,805,988,853,697,4016,923,784,977,867,740,4091
,1895,1590,1966,1719,1438,8112,971,806,988,853,698,4016,924,785,978,866,741,4093
,1889,1591,1967,1718,1441,8114,969,806,989,852,699,4021,920,785,978,866,741,4093
,1894,1594,1969,1718,1444,8125,971,808,990,852,701,4026,923,786,979,865,743,4099
,1897,1598,1970,1715,1447,8135,972,809,990,851,702,4032,925,788,980,865,744,4103
,1896,1600,1971,1712,1450,8140,972,811,991,849,704,4034,924,789,980,863,746,4106
,1896,1603,1975,1707,1454,8149,972,812,993,847,706,4038,925,791,982,860,748,4110
,1896,1601,1975,1703,1455,8148,972,812,994,845,707,4041,924,789,982,858,748,4107
平成 3年,1900,1599,1982,1694,1461,8159,974,811,997,841,710,4046,926,789,985,854,751,4112
1991,1896,1595,1984,1689,1464,8154,973,808,997,838,712,4044,923,787,986,851,753,4110
,1907,1594,1988,1684,1466,8171,978,808,1000,836,713,4054,930,786,988,848,753,4117
,1918,1589,1990,1680,1467,8179,982,806,1001,833,713,4058,936,783,989,846,754,4121
,1921,1590,1994,1680,1469,8191,984,806,1003,834,714,4065,937,784,991,846,755,4127
,1924,1588,1994,1681,1470,8199,986,805,1003,834,715,4069,938,783,991,847,755,4130
,1922,1586,1990,1681,1472,8200,986,804,1001,834,716,4072,935,781,989,847,756,4130
,1930,1585,1988,1683,1474,8210,990,804,1000,835,717,4076,940,781,988,848,757,4134
,1937,1584,1985,1688,1476,8224,993,804,998,838,718,4083,944,780,987,850,758,4140
,1940,1583,1981,1692,1478,8231,995,803,996,840,718,4087,945,780,985,852,759,4144
,1942,1582,1976,1695,1478,8236,996,803,994,841,719,4090,947,779,982,854,759,4146
,1942,1579,1971,1697,1478,8231,996,802,992,843,718,4091,946,777,979,854,759,4141
平成 4年,1932,1576,1966,1703,1487,8237,988,797,989,846,723,4089,944,779,977,857,764,4150
1992,1926,1578,1959,1706,1489,8238,984,798,985,848,725,4087,941,780,974,858,765,4150
,1923,1583,1951,1708,1491,8240,984,801,981,849,725,4091,939,782,970,859,765,4150
,1917,1582,1944,1711,1492,8234,982,800,977,850,726,4088,935,782,967,861,766,4146
,1921,1589,1939,1716,1494,8253,983,804,975,853,727,4098,938,785,964,863,767,4155
,1924,1594,1934,1724,1497,8268,984,806,973,857,728,4104,940,788,962,867,768,4163
,1916,1596,1925,1731,1498,8271,982,808,968,861,729,4109,934,788,956,870,769,4162
,1919,1600,1917,1739,1501,8282,982,810,964,865,730,4113,936,790,953,874,770,4168
,1922,1604,1908,1745,1503,8293,984,812,959,868,732,4118,938,793,949,877,772,4174
,1922,1608,1899,1751,1507,8301,983,814,955,870,733,4123,938,795,944,880,774,4178
,1921,1612,1893,1754,1510,8311,983,815,952,872,735,4128,938,796,941,882,775,4182
,1919,1607,1884,1756,1511,8301,983,814,948,873,735,4125,936,794,936,882,776,4175
平成 5年,1917,1612,1875,1765,1517,8316,982,815,943,878,738,4133,935,796,932,887,779,4183
1993,1909,1614,1867,1772,1519,8317,978,816,939,882,739,4135,930,798,928,891,780,4183
,1913,1616,1858,1777,1518,8326,980,818,935,885,739,4141,933,798,923,892,779,4185
,1914,1616,1852,1783,1519,8332,980,818,931,887,739,4142,934,798,921,896,780,4190
,1914,1621,1847,1790,1519,8342,980,820,929,891,739,4148,934,801,918,899,780,4194
,1914,1621,1841,1796,1519,8346,980,821,926,894,739,4150,934,801,915,902,780,4196
,1907,1626,1835,1804,1520,8358,977,823,923,898,739,4157,929,803,912,906,780,4200
,1908,1630,1829,1812,1519,8366,977,825,920,902,739,4161,931,805,909,910,780,4205
,1910,1633,1823,1819,1518,8376,978,826,917,906,738,4166,932,806,906,914,780,4210
,1909,1633,1816,1825,1517,8378,977,826,913,908,738,4165,931,807,903,917,779,4212
,1908,1636,1810,1834,1517,8388,977,828,910,913,738,4173,931,808,900,921,779,4215
,1906,1635,1804,1838,1515,8386,976,828,908,916,737,4174,929,807,896,923,778,4212
平成 6年,1902,1638,1794,1848,1517,8393,974,829,902,920,738,4176,927,809,892,928,779,4217
1994,1892,1639,1787,1855,1518,8390,970,830,898,923,738,4175,922,809,888,931,780,4214
,1895,1641,1778,1861,1516,8398,971,831,894,927,737,4179,924,810,884,934,778,4219
,1893,1639,1771,1866,1515,8395,970,830,890,929,736,4178,923,809,881,937,778,4218
,1892,1646,1767,1876,1515,8413,969,833,889,934,737,4187,923,813,879,942,778,4226
,1892,1648,1761,1882,1514,8418,969,835,886,937,736,4189,923,814,876,945,778,4228
,1883,1651,1753,1889,1515,8421,966,836,882,941,737,4192,917,815,871,949,778,4230
,1884,1655,1747,1897,1516,8431,966,838,878,945,737,4196,918,817,869,953,779,4235
,1885,1658,1740,1904,1518,8442,966,839,875,948,738,4202,919,818,865,956,780,4239
,1884,1660,1732,1910,1519,8445,966,841,871,950,738,4202,918,820,861,959,780,4243
,1883,1662,1725,1914,1520,8449,965,842,867,953,739,4204,918,821,858,962,781,4244
,1880,1662,1717,1920,1520,8446,964,842,864,956,739,4206,916,820,853,964,780,4240
平成 7年,1876,1668,1712,1923,1524,8455,962,845,861,957,741,4208,915,823,851,966,783,4246
1995,1866,1668,1706,1926,1526,8449,958,845,858,959,742,4208,909,824,848,967,784,4242
,1868,1672,1701,1928,1526,8458,958,847,856,961,743,4214,910,825,845,968,784,4244
,1867,1670,1696,1928,1526,8451,957,846,853,960,742,4208,910,824,843,968,784,4244
,1865,1678,1694,1934,1529,8470,956,850,852,963,744,4217,909,828,843,971,786,4252
,1863,1681,1691,1937,1532,8477,955,852,850,965,745,4221,908,829,841,973,787,4256
,1852,1683,1684,1939,1533,8472,951,853,847,966,745,4220,901,830,837,974,788,4252
,1851,1687,1680,1943,1534,8477,950,855,845,967,746,4222,902,832,836,975,788,4254
,1852,1691,1676,1946,1536,8485,950,857,843,969,747,4226,902,834,833,977,789,4259
,1850,1695,1671,1949,1538,8489,949,859,840,970,748,4229,901,836,831,978,790,4261
,1848,1699,1667,1951,1540,8497,948,861,838,971,748,4232,901,838,829,979,791,4265
,1843,1697,1659,1952,1540,8486,945,861,835,973,749,4229,897,836,825,979,791,4258
平成 8年,1838,1704,1654,1955,1545,8497,943,864,832,974,751,4234,895,840,822,981,794,4263
1996,1828,1705,1648,1956,1547,8490,939,864,829,974,752,4229,890,841,819,982,795,4259
,1829,1708,1642,1954,1546,8489,938,865,826,973,752,4229,890,842,816,981,794,4261
,1827,1706,1639,1955,1548,8487,937,866,824,974,752,4229,890,841,815,981,795,4260
,1825,1715,1639,1958,1550,8502,936,870,824,975,754,4237,889,845,815,983,796,4266
,1823,1719,1636,1959,1553,8509,934,872,822,976,755,4238,888,847,814,983,798,4269
,1810,1724,1630,1958,1557,8506,930,875,820,975,757,4240,880,849,810,983,800,4267
,1807,1728,1629,1958,1560,8512,928,877,819,976,759,4242,880,851,810,983,802,4270
,1809,1734,1628,1958,1564,8523,928,880,819,975,760,4247,881,854,809,983,803,4276
,1805,1738,1625,1957,1568,8526,926,882,817,975,762,4249,879,856,808,982,806,4279
,1802,1743,1622,1956,1572,8530,924,884,816,974,764,4249,878,859,807,982,808,4281
,1797,1741,1616,1954,1574,8519,922,884,814,974,765,4247,875,857,803,980,809,4273
平成 9年,1790,1745,1622,1962,1589,8549,916,884,817,980,775,4263,873,861,805,983,815,4286
1997,1778,1745,1617,1962,1592,8538,911,884,815,979,776,4258,867,861,802,982,816,4280
,1779,1751,1614,1961,1591,8546,911,887,814,979,776,4263,868,864,800,982,815,4283
,1778,1749,1611,1960,1592,8543,910,886,812,978,776,4258,868,863,799,982,816,4284
,1775,1758,1611,1963,1594,8558,908,891,812,980,778,4267,867,867,799,983,817,4291
,1772,1764,1609,1965,1596,8566,907,894,811,981,779,4272,865,870,798,984,818,4294
,1760,1767,1604,1963,1599,8563,902,896,809,980,780,4271,858,871,795,983,819,4291
,1758,1771,1603,1963,1601,8565,901,898,808,980,781,4272,857,873,795,983,820,4293
,1759,1776,1603,1964,1603,8575,900,900,808,981,782,4276,859,876,795,983,821,4299
,1754,1781,1601,1963,1604,8580,898,902,806,980,782,4277,856,879,794,983,822,4302
,1752,1785,1599,1962,1603,8581,897,905,806,980,782,4279,855,881,793,983,822,4303
,1747,1781,1594,1961,1604,8568,895,904,804,980,782,4276,852,878,790,981,822,4293
平成10年,1741,1790,1594,1962,1606,8580,892,907,803,979,783,4278,849,883,791,983,823,4301
1998,1730,1794,1592,1961,1609,8575,887,908,802,979,784,4274,843,885,790,982,824,4299
,1732,1798,1591,1961,1610,8585,887,911,803,980,786,4284,845,887,788,981,824,4302
,1731,1797,1589,1958,1611,8580,886,910,801,977,785,4278,845,886,788,980,825,4302
,1726,1804,1589,1958,1611,8584,883,914,800,978,786,4279,842,890,788,981,826,4304
,1722,1808,1588,1960,1614,8589,882,916,800,978,787,4283,841,892,788,981,827,4307
,1711,1813,1585,1959,1618,8592,877,919,799,978,789,4284,834,894,786,981,829,4308
,1707,1817,1585,1958,1622,8594,875,921,799,977,791,4284,832,897,787,980,831,4309
,1708,1821,1585,1955,1625,8598,875,923,799,976,792,4287,833,898,787,979,832,4311
,1704,1826,1584,1951,1628,8600,872,925,798,974,793,4286,831,901,786,978,834,4314
,1699,1830,1584,1949,1630,8603,870,927,798,973,795,4288,829,903,786,976,836,4314
,1695,1828,1580,1946,1631,8590,868,927,797,972,795,4286,827,900,783,974,836,4305
平成11年,1689,1836,1581,1946,1636,8604,865,931,797,972,798,4291,824,906,784,974,838,4313
1999,1679,1838,1579,1941,1640,8593,861,931,795,969,799,4284,818,907,784,972,840,4309
,1680,1842,1577,1936,1640,8593,861,933,794,966,799,4282,820,909,782,970,840,4310
,1679,1840,1577,1933,1643,8590,860,932,795,965,801,4282,819,907,783,968,842,4308
,1674,1845,1580,1932,1646,8598,857,935,796,965,803,4287,817,910,784,967,843,4312
,1670,1847,1579,1930,1647,8595,855,936,795,964,803,4286,815,910,784,967,844,4311
,1659,1853,1579,1930,1650,8602,851,939,796,964,804,4289,808,914,783,967,846,4313
,1655,1856,1581,1931,1652,8603,849,941,796,964,805,4289,807,915,784,967,846,4314
,1655,1858,1582,1930,1653,8607,848,942,797,964,806,4292,807,916,785,966,847,4314
,1651,1862,1581,1926,1656,8608,846,944,796,961,807,4291,805,918,785,965,849,4317
,1647,1865,1582,1929,1655,8612,844,945,796,963,807,4292,804,919,785,966,849,4320
,1644,1863,1580,1930,1655,8606,842,945,797,964,806,4292,802,918,784,966,848,4314
平成12年,1639,1868,1580,1935,1649,8610,840,947,796,966,804,4291,799,921,784,969,846,4319
2000,1629,1869,1581,1936,1650,8609,835,947,796,966,804,4290,794,922,785,970,846,4319
,1629,1869,1580,1934,1647,8605,834,947,796,966,803,4290,795,922,784,968,844,4314
,1627,1865,1579,1932,1645,8595,834,946,795,964,801,4284,794,919,784,968,844,4311
,1624,1871,1583,1934,1646,8608,832,949,797,966,802,4290,793,923,786,968,844,4318
,1622,1873,1585,1936,1645,8614,830,950,798,967,802,4294,792,923,787,970,843,4320
,1611,1873,1583,1936,1645,8606,826,950,797,966,801,4290,785,923,786,969,843,4316
,1608,1874,1587,1937,1644,8606,824,950,799,967,801,4290,784,924,788,970,843,4316
,1608,1874,1590,1939,1641,8612,824,950,800,968,800,4293,784,923,790,971,841,4319
,1606,1875,1592,1940,1639,8616,822,951,801,968,799,4293,784,924,791,972,841,4321
,1603,1877,1595,1944,1634,8617,821,952,803,970,796,4295,783,925,792,973,838,4324
,1601,1876,1594,1947,1632,8617,819,952,803,972,795,4295,781,924,792,975,837,4322
平成13年,1595,1882,1590,1951,1622,8611,817,955,800,974,790,4290,778,927,790,977,832,4319
2001,1584,1883,1585,1951,1616,8592,812,955,798,974,787,4283,771,928,787,977,829,4309
,1584,1891,1582,1956,1612,8602,812,959,797,976,785,4288,773,932,786,980,826,4314
,1584,1891,1578,1958,1607,8594,811,959,794,977,783,4284,773,931,784,981,824,4311
,1581,1900,1578,1961,1606,8605,809,964,794,979,783,4289,772,936,784,982,824,4316
,1578,1905,1575,1960,1606,8604,808,966,792,978,783,4288,770,938,783,982,824,4316
,1568,1911,1572,1959,1610,8607,804,969,792,977,784,4289,764,941,781,981,826,4317
,1564,1915,1572,1957,1612,8605,801,971,791,976,785,4289,762,943,781,981,827,4316
,1565,1919,1570,1953,1615,8610,801,974,790,974,787,4291,764,946,780,979,828,4321
,1562,1925,1569,1948,1620,8616,800,976,789,972,789,4293,762,949,780,977,831,4323
,1559,1931,1570,1946,1625,8624,798,979,790,971,791,4297,761,952,780,975,834,4329
,1558,1928,1568,1942,1627,8616,797,978,790,969,793,4295,760,950,778,973,834,4322
平成14年,1546,1907,1577,1934,1639,8604,792,965,795,967,800,4291,754,941,782,967,839,4313
2002,1536,1902,1580,1926,1641,8589,788,962,795,962,801,4282,748,940,785,964,840,4307
,1540,1899,1583,1918,1642,8589,788,961,797,958,802,4281,751,938,785,959,840,4307
,1541,1892,1584,1911,1645,8579,788,958,798,955,803,4277,753,934,786,956,842,4303
,1537,1895,1592,1907,1650,8589,787,959,801,953,806,4281,751,936,791,954,844,4307
,1535,1896,1595,1902,1657,8593,785,960,803,950,810,4283,749,937,792,952,847,4309
,1525,1895,1595,1892,1665,8588,782,959,803,945,813,4282,743,936,791,947,852,4307
,1521,1895,1600,1883,1672,8588,780,959,806,941,817,4283,741,936,794,942,855,4306
,1523,1896,1608,1877,1677,8598,780,959,810,938,820,4287,743,936,798,939,857,4311
,1520,1897,1611,1869,1683,8601,778,960,811,934,823,4287,742,937,800,935,861,4314
,1516,1893,1611,1859,1685,8587,776,958,810,929,823,4280,740,935,801,931,861,4309
,1514,1886,1610,1852,1686,8573,775,955,810,925,824,4274,739,931,800,927,862,4300
平成15年,1510,1889,1612,1842,1694,8575,774,956,811,920,828,4274,737,933,801,922,866,4301
2003,1501,1885,1612,1833,1700,8563,770,955,811,916,831,4269,731,931,801,918,869,4293
,1503,1888,1616,1828,1708,8575,770,956,814,914,836,4277,733,932,802,914,872,4298
,1503,1882,1616,1820,1712,8566,770,953,813,909,837,4271,733,929,803,911,875,4297
,1500,1885,1621,1817,1720,8578,768,954,816,907,841,4276,732,931,806,909,878,4302
,1497,1887,1626,1813,1727,8588,767,956,818,906,845,4282,731,932,808,907,882,4306
,1489,1885,1627,1807,1735,8586,764,955,819,903,849,4281,725,931,808,904,887,4305
,1485,1883,1630,1800,1742,8581,761,953,820,899,852,4278,724,929,810,901,890,4304
,1487,1881,1634,1795,1748,8583,762,952,822,897,855,4280,726,928,812,898,892,4304
,1484,1881,1635,1788,1755,8583,760,952,822,893,859,4278,724,929,813,895,896,4306
,1482,1880,1636,1781,1761,8583,759,952,823,890,862,4279,723,928,813,892,900,4304
,1479,1872,1634,1775,1765,8567,758,949,823,887,864,4273,722,923,811,888,902,4294
平成16年,1475,1874,1639,1767,1776,8575,756,950,825,883,869,4277,719,924,814,884,907,4298
2004,1466,1871,1639,1759,1782,8563,752,948,824,878,872,4269,714,923,814,881,910,4293
,1469,1871,1641,1753,1789,8571,752,948,826,875,876,4274,717,924,815,877,914,4298
,1470,1868,1644,1748,1798,8575,752,946,827,873,880,4274,717,922,817,875,918,4300
,1466,1866,1646,1741,1804,8572,751,945,828,870,883,4273,715,921,818,872,921,4300
,1462,1860,1646,1734,1808,8557,748,943,827,866,884,4266,713,917,818,868,923,4292
,1455,1860,1649,1727,1815,8560,746,942,829,862,888,4267,710,917,820,865,927,4293
,1450,1858,1653,1721,1822,8559,743,942,831,860,892,4267,707,916,822,861,930,4292
,1447,1858,1657,1715,1829,8566,742,942,834,857,896,4273,705,915,823,858,934,4292
,1445,1857,1658,1707,1835,8564,740,942,833,852,898,4269,705,916,825,855,937,4296
,1444,1857,1661,1701,1840,8566,739,942,836,850,900,4271,704,915,826,851,939,4295
,1441,1850,1662,1694,1845,8558,738,939,837,847,903,4269,703,911,825,847,942,4289
平成17年,1436,1851,1666,1688,1848,8558,736,939,837,843,904,4267,701,913,828,845,944,4291
2005,1429,1850,1668,1683,1852,8551,732,938,838,841,906,4264,696,912,829,843,945,4288
,1429,1847,1667,1677,1853,8545,732,936,838,837,907,4259,697,910,829,840,946,4286
,1428,1837,1667,1673,1854,8531,731,932,838,835,907,4254,697,905,829,838,947,4279
,1427,1840,1675,1672,1858,8545,730,934,842,835,910,4262,697,906,832,837,948,4283
,1424,1836,1677,1667,1859,8538,729,932,843,833,910,4259,695,904,834,835,949,4280
,1417,1834,1680,1663,1865,8542,726,931,845,830,913,4260,691,903,835,832,952,4282
,1412,1831,1684,1659,1868,8536,723,930,847,828,914,4257,688,901,837,831,954,4280
,1412,1829,1689,1655,1870,8539,723,929,849,827,916,4260,689,900,839,828,954,4279
※注_Notes,1410,1828,1691,1650,1872,8538,722,929,851,824,916,4259,688,899,840,826,956,4281
,1407,1826,1694,1645,1875,8534,720,927,852,821,917,4255,687,898,842,823,957,4279
,1405,1820,1696,1641,1878,8529,720,925,854,819,920,4255,686,894,843,821,958,4275
平成18年,1401,1818,1699,1633,1878,8520,718,923,854,815,920,4250,684,895,845,817,959,4271
2006,1393,1813,1701,1627,1881,8509,714,921,855,813,921,4245,679,892,846,814,960,4266
,1396,1812,1707,1626,1883,8521,714,921,860,813,923,4253,681,891,847,814,961,4269
,1394,1802,1704,1620,1880,8499,714,916,858,809,921,4241,680,886,846,811,960,4258
,1392,1804,1712,1620,1883,8510,713,917,861,809,923,4245,680,887,851,811,960,4265
,1391,1803,1718,1619,1885,8518,712,916,864,808,924,4249,679,886,854,811,961,4269
,1385,1798,1721,1614,1886,8513,710,914,866,806,924,4248,675,884,854,808,962,4266
,1380,1793,1725,1611,1886,8509,707,913,868,804,923,4245,673,882,857,807,962,4264
,1381,1789,1730,1610,1884,8510,707,911,871,804,923,4247,673,879,859,806,961,4263
,1378,1789,1735,1608,1884,8514,705,910,873,803,924,4248,673,879,862,805,961,4265
,1376,1786,1739,1606,1884,8516,704,909,876,802,923,4249,672,878,864,803,961,4268
,1375,1779,1740,1601,1883,8506,703,905,876,801,923,4245,672,873,863,801,960,4261
平成19年,1364,1751,1744,1600,1896,8492,700,889,880,801,933,4245,665,864,864,801,963,4248
2007,1362,1747,1747,1596,1897,8487,698,886,881,799,932,4240,663,862,865,799,963,4245
,1360,1744,1748,1594,1896,8482,698,884,882,797,933,4238,663,860,867,797,963,4244
,1359,1738,1751,1592,1896,8480,697,881,884,796,933,4237,663,857,868,796,963,4242
,1358,1735,1756,1590,1898,8482,697,880,886,795,933,4238,662,855,870,795,964,4243
,1358,1733,1762,1588,1898,8484,695,878,888,794,933,4239,661,854,873,794,965,4245
,1354,1727,1766,1586,1898,8483,693,876,892,793,934,4241,660,851,874,793,965,4242
,1349,1724,1771,1585,1899,8483,691,874,894,793,934,4240,657,850,877,792,965,4242
,1347,1721,1776,1583,1899,8482,690,872,896,793,934,4239,657,848,879,791,965,4242
,1346,1717,1779,1581,1898,8480,690,871,898,792,934,4236,656,847,881,790,964,4240
,1344,1714,1784,1579,1898,8475,689,869,901,791,933,4236,655,845,883,789,964,4239
,1343,1708,1786,1578,1899,8473,688,866,902,790,934,4233,655,842,884,789,964,4238
平成20年,1339,1705,1789,1576,1897,8464,687,864,903,788,934,4232,653,840,886,787,964,4233
2008,1335,1699,1790,1574,1896,8456,684,862,904,788,933,4227,651,838,886,786,963,4228
,1334,1696,1793,1572,1894,8453,683,860,906,786,932,4225,651,836,887,785,962,4227
,1332,1690,1795,1571,1894,8449,682,857,907,786,932,4223,650,833,888,785,962,4225
,1330,1688,1801,1571,1895,8451,681,856,909,786,933,4224,649,831,892,785,962,4226
,1328,1683,1805,1570,1895,8453,680,854,911,786,933,4226,648,829,894,784,962,4227
,1326,1679,1809,1569,1895,8455,679,852,914,785,933,4226,646,827,896,784,962,4227
,1321,1674,1814,1568,1893,8453,677,850,917,785,932,4227,644,824,897,783,961,4226
,1319,1670,1818,1567,1891,8456,676,848,919,785,931,4229,643,823,899,782,961,4226
,1316,1667,1822,1568,1887,8455,674,846,920,785,930,4229,642,821,902,782,959,4226
,1314,1663,1825,1567,1885,8455,673,844,923,785,928,4227,641,819,903,783,957,4227
,1312,1656,1829,1567,1885,8451,672,840,924,785,928,4226,640,816,905,782,957,4225
平成21年,1309,1653,1830,1564,1881,8443,671,839,925,783,926,4222,639,814,905,781,954,4220
2009,1306,1649,1832,1562,1878,8437,669,837,925,782,925,4219,637,812,905,780,953,4216
,1304,1646,1833,1562,1875,8434,668,835,927,783,924,4217,637,811,907,779,951,4215
,1304,1641,1834,1563,1872,8433,668,833,928,783,923,4217,637,808,908,780,949,4216
,1302,1638,1838,1564,1870,8436,667,831,929,784,922,4217,636,806,909,780,949,4218
,1301,1633,1841,1565,1871,8436,666,829,931,784,922,4220,635,804,911,781,949,4217
,1298,1629,1845,1565,1870,8435,664,827,933,784,921,4217,633,802,912,781,949,4218
,1292,1625,1848,1566,1870,8431,662,824,935,784,922,4217,630,800,915,781,949,4215
,1291,1621,1852,1567,1870,8431,661,822,936,784,922,4216,630,799,916,782,948,4214
,1290,1617,1854,1567,1869,8429,660,820,937,784,921,4215,629,797,917,782,948,4213
,1288,1614,1857,1566,1869,8424,659,818,939,784,921,4212,629,795,918,782,948,4212
,1286,1607,1857,1567,1871,8419,658,815,939,786,922,4209,627,792,918,783,948,4208
平成22年,1282,1605,1858,1565,1876,8408,657,814,939,784,925,4204,626,790,919,781,952,4203
2010,1278,1600,1857,1565,1874,8400,654,811,939,784,924,4200,624,788,918,781,951,4199
,1277,1597,1857,1566,1875,8396,653,810,940,785,924,4198,624,786,918,781,951,4197
,1276,1591,1858,1566,1875,8390,652,807,939,785,924,4195,623,785,918,782,951,4195
,1274,1590,1860,1568,1875,8393,651,807,941,785,924,4194,623,784,919,782,951,4197
,1273,1589,1863,1571,1878,8394,651,805,941,786,926,4195,623,783,922,784,952,4199
,1269,1583,1864,1573,1879,8390,649,803,943,788,927,4194,620,780,921,784,953,4193
,1265,1580,1865,1575,1880,8386,647,802,944,789,927,4194,618,778,922,786,953,4192
,1264,1577,1866,1577,1883,8385,647,801,944,791,928,4193,617,777,921,787,955,4191
※注_Notes,1262,1575,1866,1580,1884,8384,645,799,944,792,928,4191,617,777,921,789,955,4189
,1259,1574,1866,1583,1886,8380,643,798,945,793,931,4190,616,776,922,789,956,4189
,1257,1570,1869,1584,1891,8376,642,795,945,794,932,4188,615,774,923,791,958,4188
平成23年,1256,1568,1872,1580,1895,8367,642,795,948,792,934,4184,614,772,924,788,960,4184
2011,1253,1563,1874,1577,1898,8356,641,793,949,790,936,4180,612,770,926,786,961,4178
,1252,1559,1878,1573,1900,8349,641,791,951,789,938,4174,612,768,929,785,963,4174
,1252,1553,1883,1570,1903,8344,641,788,953,787,939,4173,612,765,930,783,964,4172
,1252,1551,1889,1568,1905,8345,640,787,956,786,940,4173,612,764,933,782,966,4172
,1251,1547,1893,1566,1905,8339,639,784,958,785,940,4171,611,761,935,781,966,4168
,1249,1543,1898,1565,1904,8334,638,783,960,785,939,4168,611,760,938,780,965,4165
,1240,1531,1898,1562,1901,8309,634,778,961,783,937,4159,605,753,937,778,963,4151
,1242,1530,1904,1561,1897,8312,635,778,965,783,935,4160,606,753,939,778,961,4152
,1243,1529,1908,1560,1893,8312,636,777,967,782,934,4159,607,753,942,777,959,4152
,1242,1528,1911,1560,1888,8306,635,776,968,782,932,4156,606,752,943,777,957,4149
,1241,1523,1912,1561,1887,8301,635,773,968,783,931,4153,606,750,945,778,956,4148
平成24年,1240,1520,1907,1563,1878,8288,634,772,966,784,926,4150,605,748,942,779,951,4140
2012,1237,1518,1904,1566,1871,8279,633,771,964,785,923,4144,603,747,940,781,948,4135
,1237,1515,1900,1571,1864,8273,633,769,961,789,919,4140,603,746,938,783,944,4132
,1236,1510,1897,1573,1858,8265,633,767,961,790,917,4137,603,744,937,784,942,4129
,1235,1507,1894,1576,1853,8258,632,764,960,791,914,4133,602,741,936,786,939,4126
,1235,1504,1896,1579,1848,8259,632,763,960,793,911,4132,603,740,936,788,936,4125
,1234,1500,1895,1584,1840,8256,632,761,960,795,908,4132,602,739,936,789,932,4123
,1230,1496,1894,1588,1832,8248,629,759,959,797,904,4128,600,737,935,791,929,4119
,1230,1492,1894,1591,1824,8246,629,757,959,799,900,4129,600,735,935,793,924,4118
,1230,1490,1894,1594,1815,8244,629,756,959,800,896,4126,600,734,936,794,920,4116
,1229,1488,1894,1597,1808,8238,629,754,959,801,892,4125,600,732,935,796,917,4114
,1228,1482,1892,1599,1805,8231,628,751,958,803,890,4121,599,730,934,797,915,4111
平成25年,1227,1480,1889,1598,1794,8221,628,750,957,802,885,4117,599,728,933,796,909,4105
2013,1225,1477,1887,1599,1785,8212,627,749,956,803,881,4113,597,727,932,796,905,4102
,1226,1475,1886,1601,1777,8206,627,748,955,804,878,4109,598,727,931,797,901,4097
,1226,1470,1883,1603,1772,8199,627,746,954,805,875,4105,598,724,929,798,898,4092
,1226,1467,1883,1606,1767,8201,627,745,954,806,872,4106,598,722,930,800,895,4093
,1226,1465,1883,1609,1763,8200,628,744,954,808,870,4105,598,721,930,801,893,4095
,1224,1460,1882,1612,1757,8193,627,741,954,810,868,4103,598,718,929,802,890,4090
,1221,1457,1881,1615,1751,8186,625,740,954,811,865,4101,596,717,929,804,887,4085
,1222,1456,1881,1618,1746,8184,626,739,953,813,862,4100,596,716,929,805,884,4084
,1222,1454,1879,1619,1739,8179,626,738,952,813,859,4098,596,715,928,806,881,4082
,1220,1452,1878,1621,1733,8173,624,737,951,814,856,4095,595,714,927,807,878,4079
,1220,1446,1875,1625,1731,8166,624,734,950,816,855,4092,595,712,926,808,877,4077
平成26年,1220,1445,1872,1625,1720,8157,624,734,948,816,849,4088,595,711,924,808,871,4069
2014,1217,1442,1869,1626,1713,8146,623,732,947,816,846,4082,593,710,922,808,867,4064
,1218,1440,1867,1627,1705,8140,623,731,947,818,843,4079,594,709,921,809,864,4061
,1218,1437,1862,1629,1700,8133,624,729,944,819,840,4077,594,707,919,810,861,4057
,1218,1435,1862,1632,1695,8134,624,728,944,820,838,4076,594,706,918,812,858,4058
,1218,1431,1861,1636,1691,8130,624,726,943,822,835,4075,594,704,919,814,856,4056
,1219,1429,1859,1639,1685,8132,624,725,942,824,832,4077,594,703,918,816,853,4057
,1215,1426,1857,1642,1678,8123,622,723,941,825,829,4073,591,700,917,817,849,4051
,1216,1423,1856,1646,1671,8125,623,722,941,827,827,4075,592,700,916,819,846,4052
,1217,1420,1856,1648,1664,8122,624,721,941,828,823,4073,592,699,916,820,842,4049
,1216,1418,1855,1650,1658,8120,623,721,941,829,820,4072,592,698,915,821,839,4049
,1216,1413,1852,1654,1653,8116,623,718,939,831,817,4071,592,695,914,823,835,4047
平成27年,1215,1412,1848,1655,1646,8111,623,717,937,832,814,4070,591,693,911,823,832,4043
2015,1214,1409,1845,1656,1640,8105,621,716,935,832,811,4066,591,692,910,823,830,4039
,1215,1408,1842,1657,1636,8102,622,715,934,834,809,4065,591,691,909,824,828,4039
,1215,1404,1838,1659,1633,8099,623,714,931,835,807,4062,592,690,907,825,826,4037
,1215,1403,1836,1664,1630,8101,623,713,930,837,807,4063,592,690,906,827,825,4036
,1217,1402,1834,1668,1628,8104,623,713,930,838,805,4064,593,690,906,830,823,4041
,1215,1397,1831,1672,1624,8099,622,710,928,841,804,4063,591,686,904,831,821,4036
,1213,1395,1828,1676,1619,8096,622,709,927,843,801,4063,590,685,902,833,819,4035
,1215,1393,1826,1679,1615,8099,623,708,926,845,799,4064,591,684,901,834,816,4035
,1216,1390,1824,1682,1611,8097,624,707,924,846,797,4062,592,683,900,835,814,4034
,1216,1389,1823,1684,1606,8097,624,706,923,848,795,4062,592,682,898,837,811,4035
,1216,1384,1818,1689,1602,8095,624,704,921,850,792,4060,592,681,896,838,809,4033
平成28年,1217,1384,1814,1691,1594,8097,625,704,920,851,789,4062,592,680,894,839,805,4033
2016,1213,1381,1809,1692,1589,8088,622,703,918,853,786,4059,590,678,893,840,802,4029
,1215,1380,1807,1695,1586,8093,624,703,916,854,784,4060,592,678,891,842,800,4032
,1217,1377,1802,1697,1583,8093,625,701,913,855,783,4060,592,676,889,843,799,4032
,1217,1376,1799,1702,1581,8094,625,700,912,857,782,4062,593,676,888,845,798,4034
,1218,1374,1797,1707,1579,8096,625,699,910,859,781,4062,593,675,886,848,797,4034
,1219,1373,1794,1712,1576,8094,626,699,908,862,781,4063,593,674,884,850,795,4035
,1216,1369,1789,1716,1573,8088,624,697,906,864,779,4059,591,672,882,852,794,4028
,1218,1368,1786,1720,1571,8084,625,696,905,866,779,4058,592,671,880,854,793,4027
,1218,1367,1782,1726,1569,8083,625,696,904,868,777,4056,593,672,880,856,791,4027
,1219,1365,1780,1729,1566,8077,625,696,902,870,776,4053,593,671,878,858,790,4023
,1218,1361,1775,1733,1563,8070,625,693,900,873,775,4049,593,668,876,860,790,4020
平成29年,1218,1361,1770,1734,1558,8057,625,693,897,874,772,4044,593,668,873,860,787,4013
2017,1216,1359,1766,1736,1554,8044,624,692,895,875,770,4039,592,667,871,861,785,4006
,1218,1359,1762,1739,1552,8040,625,692,892,876,769,4037,593,668,869,863,783,4004
,1220,1356,1756,1741,1550,8031,626,690,890,877,768,4031,594,666,866,864,782,4001
,1220,1355,1753,1746,1549,8029,626,690,889,879,767,4030,594,665,864,867,781,3999
,1220,1352,1750,1751,1547,8024,626,689,887,882,767,4028,594,664,863,869,780,3996
,1220,1352,1747,1756,1545,8019,626,689,885,885,766,4025,595,663,862,872,779,3995
,1216,1349,1742,1762,1543,8007,624,687,883,887,765,4020,592,662,859,874,778,3987
,1219,1347,1739,1766,1542,8003,625,687,881,889,764,4019,594,662,858,876,777,3985
,1221,1347,1735,1770,1540,7997,626,686,879,892,763,4016,594,661,856,878,776,3981
,1221,1345,1732,1774,1538,7989,626,685,877,894,763,4013,595,660,854,880,776,3978
,1219,1339,1726,1778,1537,7978,625,682,875,896,762,4006,594,657,851,881,775,3972
平成30年,1220,1338,1721,1780,1534,7963,625,682,873,897,761,4000,594,657,848,882,773,3963
2018,1218,1338,1717,1781,1532,7953,625,681,870,898,760,3994,593,657,846,883,772,3958
,1219,1338,1713,1784,1531,7945,625,682,868,899,760,3992,594,656,845,885,771,3953
,1221,1334,1707,1786,1530,7936,626,680,865,900,760,3987,594,654,842,886,771,3949
,1221,1335,1704,1791,1530,7936,626,681,863,902,759,3986,594,654,841,889,771,3950
,1223,1336,1701,1797,1530,7938,627,681,861,904,759,3986,595,656,840,892,771,3950
,1221,1329,1696,1801,1528,7924,626,678,860,907,759,3982,594,652,836,893,770,3943
,1217,1328,1691,1805,1527,7915,624,677,858,910,758,3978,592,651,833,895,769,3937
,1219,1326,1687,1810,1527,7913,625,676,856,913,758,3976,593,650,832,897,769,3935
,1221,1325,1683,1813,1527,7908,626,676,853,914,758,3975,594,649,829,899,769,3932
,1221,1323,1680,1818,1527,7899,627,675,851,916,758,3971,594,649,828,901,769,3927
,1219,1318,1674,1821,1526,7888,625,672,848,918,758,3964,593,646,826,902,768,3924
平成31年,1220,1320,1670,1823,1523,7878,625,674,846,919,757,3961,594,647,824,903,767,3917
2019,1216,1317,1666,1824,1522,7862,624,673,844,920,756,3954,592,645,822,903,766,3907
,1217,1318,1663,1826,1522,7857,624,673,843,920,756,3951,592,645,820,905,766,3905
,1220,1315,1657,1828,1523,7850,625,671,840,921,756,3947,594,645,817,906,766,3902
令和元年,1219,1316,1654,1832,1525,7848,625,672,839,923,757,3947,594,645,816,908,767,3900
,1219,1315,1650,1835,1526,7841,624,671,836,926,757,3944,593,644,814,910,768,3899
,1219,1315,1647,1839,1526,7838,625,672,834,928,758,3942,594,644,811,912,769,3897
,1215,1313,1642,1843,1527,7828,623,671,832,930,758,3938,591,642,809,913,769,3890
,1215,1311,1638,1847,1527,7821,622,671,830,931,758,3935,591,642,808,914,769,3885
,1216,1314,1634,1850,1528,7819,623,672,829,933,759,3935,592,643,806,916,769,3885
,1215,1313,1632,1852,1528,7813,623,672,827,934,760,3932,592,642,805,917,769,3881
,1212,1307,1627,1853,1529,7797,621,669,825,935,760,3925,590,639,802,917,770,3872
令和 2年,1212,1310,1623,1853,1526,7792,621,670,823,935,759,3923,590,640,800,917,768,3869
2020,1210,1310,1619,1854,1526,7783,620,670,821,935,759,3918,589,641,798,917,768,3864
,1210,1311,1616,1854,1528,7779,620,671,819,935,760,3917,589,641,796,918,768,3862
,1212,1308,1611,1854,1529,7771,621,669,816,936,760,3911,590,639,794,918,769,3859
,1210,1309,1608,1857,1530,7772,619,671,815,937,761,3912,590,639,793,920,769,3860
,1211,1309,1605,1858,1532,7772,620,671,814,937,761,3912,590,639,792,921,770,3860
,1211,1308,1602,1860,1533,7767,620,671,812,937,762,3910,590,640,790,921,771,3857
,1204,1307,1598,1860,1535,7756,616,670,810,938,763,3905,587,638,788,921,772,3851
,1203,1310,1597,1861,1538,7761,616,671,810,939,764,3908,586,639,787,922,774,3853
,1204,1309,1594,1860,1541,7758,617,670,809,938,766,3905,587,638,785,922,775,3851
,1204,1308,1592,1860,1543,7753,617,670,808,939,766,3904,587,638,784,922,776,3850
,1200,1301,1586,1861,1544,7736,615,666,805,939,767,3895,585,634,782,922,777,3841
令和 3年,1202,1304,1583,1864,1538,7730,616,668,803,941,764,3893,586,636,780,923,774,3837
2021,1200,1305,1579,1866,1535,7722,615,669,801,941,762,3887,585,636,778,925,773,3834
,1198,1303,1576,1870,1531,7711,614,668,799,943,760,3882,584,635,777,927,771,3829
,1197,1302,1571,1874,1528,7705,613,667,797,945,759,3879,584,635,775,929,769,3826
,1199,1309,1570,1880,1526,7715,615,671,796,948,758,3885,584,638,774,932,768,3830
,1195,1304,1565,1885,1525,7704,612,668,794,951,757,3879,583,636,772,934,768,3825
,1192,1300,1562,1891,1525,7697,611,666,792,954,758,3876,582,634,769,936,767,3821
,1188,1298,1558,1895,1523,7690,609,665,790,957,757,3873,579,633,767,938,766,3816
,1186,1295,1553,1899,1522,7681,608,663,788,958,756,3869,578,632,765,940,765,3813
,1184,1294,1550,1902,1520,7676,607,663,787,960,755,3866,578,631,764,942,765,3810
,1186,1293,1547,1904,1519,7672,608,662,785,961,755,3864,578,630,762,943,764,3808
,1186,1292,1545,1906,1520,7668,608,662,784,962,756,3863,578,630,761,944,764,3805
令和 4年,1185,1291,1542,1900,1522,7656,607,662,782,960,757,3857,578,630,759,941,766,3799
2022,1183,1290,1539,1897,1526,7647,606,661,781,958,758,3853,577,629,758,939,767,3793
,1180,1288,1536,1893,1530,7638,605,660,779,956,761,3848,575,628,756,937,769,3790
,1176,1284,1531,1891,1533,7626,602,658,777,955,762,3843,573,626,754,936,771,3784
,1172,1281,1527,1890,1537,7617,600,656,775,954,764,3838,571,625,752,935,773,3779
,1168,1278,1524,1890,1540,7610,598,655,773,955,766,3833,569,624,750,935,774,3776
,1165,1277,1521,1890,1544,7605,597,654,772,954,768,3832,568,623,749,935,776,3773
,1163,1277,1517,1889,1548,7601,596,654,770,954,770,3831,567,623,747,935,778,3772
,1170,1280,1515,1889,1552,7610,600,656,769,955,772,3836,570,624,746,935,780,3773
,1174,1281,1512,1889,1555,7612,602,657,768,955,774,3837,572,625,744,935,782,3775
,1175,1282,1510,1889,1557,7610,603,657,767,954,775,3837,572,625,744,935,783,3773
,1176,1280,1507,1888,1560,7606,603,656,765,954,776,3835,572,624,742,934,784,3772
令和 5年,1173,1279,1503,1885,1559,7592,602,656,763,953,776,3828,571,624,740,933,783,3764
2023,1170,1278,1500,1883,1560,7582,601,655,762,952,776,3823,569,623,738,932,784,3759
,1170,1281,1498,1882,1562,7583,601,657,761,951,777,3824,569,624,737,931,785,3760
,1175,1283,1495,1880,1564,7585,604,658,759,950,778,3826,571,625,736,930,786,3758
,1179,1283,1491,1880,1567,7586,606,658,757,950,780,3828,573,625,734,930,787,3758
,1180,1285,1490,1880,1570,7591,607,660,757,950,781,3830,574,626,733,930,788,3760
,1179,1287,1487,1879,1573,7589,606,661,755,950,783,3830,573,626,731,930,790,3758
,1177,1287,1483,1877,1576,7583,605,661,754,949,785,3829,571,626,729,928,791,3755
,1175,1283,1480,1876,1579,7575,604,659,752,949,786,3824,571,624,728,928,792,3751
,1173,1284,1479,1876,1581,7574,603,660,752,948,787,3824,570,625,727,927,794,3751
,1173,1283,1476,1874,1582,7571,603,659,751,948,788,3821,570,624,726,927,794,3749
,1172,1280,1472,1872,1585,7562,602,657,748,947,789,3818,570,623,723,925,796,3744
令和 6年,1169,1280,1470,1868,1585,7553,601,658,748,945,790,3814,568,623,722,923,795,3739
2024,1169,1283,1468,1866,1586,7551,601,659,747,944,790,3814,568,623,721,922,796,3737
,1171,1286,1466,1863,1588,7555,602,661,746,942,791,3816,569,625,720,921,797,3739
,1172,1284,1463,1859,1590,7550,603,660,744,941,792,3814,569,624,719,919,798,3736
,1172,1286,1460,1858,1593,7550,603,662,743,939,794,3815,569,624,717,918,799,3736
,1174,1289,1459,1857,1596,7557,604,663,742,939,795,3818,570,626,717,918,801,3740
,1172,1288,1454,1855,1600,7550,603,662,740,938,797,3814,569,625,714,917,803,3735
,1168,1289,1452,1854,1603,7547,601,663,739,938,799,3813,567,626,713,916,804,3733
,1172,1291,1449,1853,1606,7551,603,664,738,937,800,3816,569,626,712,916,806,3735
,1174,1292,1447,1853,1609,7552,605,665,736,937,802,3817,570,627,711,916,807,3735
,1174,1292,1445,1852,1611,7551,605,665,735,936,803,3816,570,627,710,915,808,3734
,1173,1287,1440,1849,1614,7539,603,662,733,935,804,3810,569,625,707,914,810,3729
令和 7年,1171,1290,1439,1845,1615,7533,603,664,733,933,805,3808,568,626,707,912,810,3725
2025,1168,1291,1437,1842,1616,7527,601,665,731,932,806,3805,567,627,705,910,811,3722
,1168,1295,1435,1839,1618,7530,601,667,731,930,807,3806,567,628,704,909,812,3722
,1172,1293,1432,1835,1620,7525,603,666,729,928,808,3805,569,627,703,907,813,3721
,1172,1296,1430,1833,1624,7528,603,668,728,927,810,3806,569,629,702,906,814,3723
,1171,1294,1428,1831,1628,7524,603,666,727,926,812,3804,569,628,701,905,816,3720
,1172,1298,1426,1828,1632,7527,603,669,726,924,814,3806,569,629,699,904,818,3722
,1166,1298,1423,1825,1636,7519,600,669,725,923,816,3804,566,629,698,902,820,3717
,1169,1300,1421,1824,1639,7524,602,670,724,923,818,3805,567,630,697,901,822,3719
,1170,1301,1419,1822,1642,7523,603,671,723,922,819,3805,568,631,696,900,823,3718
,1170,1303,1417,1819,1645,7522,602,671,722,921,820,3804,567,631,695,899,824,3718
,1167,1297,1412,1815,1648,7507,601,668,720,918,822,3796,566,629,693,897,826,3711
令和 8年,1165,1299,1412,1810,1650,7501,600,669,719,916,823,3794,565,630,692,894,826,3706
2026,1164,1303,1411,1807,1652,7501,599,672,719,914,824,3795,564,631,692,892,828,3707
,1164,1306,1409,1803,1654,7504,600,673,719,912,826,3798,565,633,691,890,829,3708
,,,,,,,,,,,,,,,,,,
,,,,,,,,,,,,,,,,,,
,,,,,,,,,,,,,,,,,,
,,,,,,,,,,,,,,,,,,
,,,,,,,,,,,,,,,,,,
,,,,,,,,,,,,,,,,,,
,,,,,,,,,,,,,,,,,,
,,,,,,,,,,,,,,,,,,
,,,,,,,,,,,,,,,,,,
,,,,,,,,,,,,,,,,,,
,,,,,,,,,,,,,,,,,,
